w1,w2,w3,w4,w5,w6,subject
5,5,0,0,0,0,1
0,0,5,0,5,0,1
0,0,0,5,0,5,1
5,5,0,0,0,0,1
5,5,5,5,5,5,1
5,0,5,0,5,0,1
5,5,5,5,5,5,1
0,0,10,0,0,0,1
5,5,5,5,5,5,1
0,0,5,5,5,5,1
5,5,5,5,5,5,1
0,5,0,5,5,5,1
0,10,0,0,0,0,1
0,5,0,5,0,5,1
5,5,5,5,5,5,1
5,5,5,5,5,5,1
5,5,5,5,5,5,1
0,0,0,10,0,0,1
5,0,5,0,0,0,1
6,2,2,6,5,6,2
5,2,2,2,6,5,2
4,5,2,2,5,5,2
2,5,4,7,8,6,2
3,1,1,3,7,8,2
3,7,7,6,4,8,2
6,2,1,3,7,6,2
3,5,6,5,7,8,2
2,5,2,2,7,6,2
5,5,2,2,7,7,2
5,6,8,5,4,7,2
3,1,5,3,9,7,2
6,7,7,6,3,4,2
4,6,5,7,7,8,2
3,8,6,8,8,5,2
4,7,4,7,9,7,2
5,5,8,4,7,3,2
5,3,7,7,4,7,2
2,3,3,7,7,5,2
5,5,0,0,0,0,3
0,0,9,0,5,0,3
0,0,0,10,0,0,3
8,8,0,0,0,0,3
0,0,3,7,2,8,3
0,0,9,0,8,0,3
0,0,5,5,5,5,3
0,0,10,0,0,0,3
1,1,5,9,3,9,3
0,0,0,0,8,8,3
0,0,5,7,5,5,3
0,0,0,0,7,7,3
5,5,5,5,5,5,3
0,5,0,9,0,8,3
0,0,8,3,8,3,3
0,0,7,0,7,3,3
0,0,7,0,9,0,3
0,0,0,10,0,0,3
5,0,5,0,7,0,3
8,8,3,3,0,0,4
0,0,8,0,9,4,4
0,0,0,8,2,8,4
10,10,5,5,0,0,4
1,5,7,7,7,9,4
6,0,8,0,9,2,4
5,5,5,5,5,5,4
5,5,10,2,3,1,4
3,4,4,8,8,9,4
7,7,9,9,9,10,4
2,7,2,8,7,6,4
0,5,0,6,2,1,4
5,5,3,7,7,9,4
0,7,0,9,6,10,4
7,6,9,6,8,5,4
9,9,9,5,7,7,4
10,7,10,6,10,10,4
7,7,7,10,1,1,4
8,0,7,0,9,0,4
8,8,5,5,1,1,5
5,1,8,1,8,5,5
0,0,0,10,0,0,5
10,10,0,0,0,0,5
2,5,5,5,5,5,5
6,0,8,0,8,6,5
5,5,5,5,5,5,5
10,0,0,0,0,0,5
5,5,5,5,6,5,5
0,0,0,0,10,0,5
3,7,2,8,1,7,5
0,0,0,0,8,8,5
5,5,5,5,5,5,5
0,7,0,7,2,7,5
3,3,7,4,7,4,5
2,2,7,4,7,2,5
0,0,0,0,0,10,5
0,0,0,10,0,0,5
0,0,7,0,7,0,5
5,5,5,5,5,5,6
0,0,6,6,6,6,6
0,0,0,10,0,7,6
10,10,5,5,0,0,6
5,5,5,5,5,5,6
8,5,8,2,8,5,6
5,5,5,5,4,5,6
0,0,8,5,2,3,6
6,7,6,6,7,7,6
0,0,6,6,6,6,6
5,5,5,5,5,5,6
0,5,0,7,7,6,6
5,5,5,5,5,5,6
3,8,3,8,6,8,6
7,3,7,5,7,5,6
5,5,5,5,5,5,6
7,7,7,7,7,7,6
5,5,5,5,5,5,6
7,0,7,0,7,0,6
7,7,4,4,0,0,7
0,0,5,0,7,6,7
0,0,0,5,0,10,7
10,10,5,5,0,0,7
2,5,2,6,5,7,7
5,3,7,1,8,6,7
2,2,5,4,8,8,7
0,0,5,2,1,1,7
5,5,5,5,5,5,7
3,0,6,0,9,8,7
2,5,2,5,5,7,7
0,0,5,0,5,8,7
3,3,5,5,8,8,7
7,5,0,5,5,5,7
5,2,5,2,7,5,7
5,5,7,3,6,5,7
5,3,7,3,7,2,7
0,0,3,8,0,1,7
9,0,9,0,0,0,7
10,10,5,5,0,0,8
0,0,7,0,9,5,8
0,0,0,9,10,5,8
10,10,3,3,0,0,8
1,2,2,3,3,4,8
4,0,7,0,7,0,8
1,1,3,3,5,5,8
0,0,10,4,0,0,8
2,3,2,5,4,5,8
0,0,0,7,8,8,8
1,2,2,4,4,4,8
1,1,0,3,5,5,8
1,1,3,3,5,5,8
0,0,0,5,2,8,8
0,0,8,0,8,0,8
5,5,5,5,5,5,8
3,2,6,5,4,5,8
0,0,0,10,0,0,8
8,0,8,0,8,0,8
5,6,7,8,9,10,9
4,2,8,0,10,6,9
1,2,0,8,6,10,9
10,9,4,5,1,0,9
8,7,6,2,5,3,9
5,2,10,0,9,8,9
6,1,3,0,8,7,9
9,8,0,4,1,2,9
2,3,0,9,8,10,9
9,10,3,4,1,2,9
6,3,1,9,0,8,9
2,7,6,3,1,8,9
9,8,4,6,1,3,9
3,6,2,9,8,10,9
7,9,0,2,3,5,9
3,0,7,5,10,9,9
5,0,6,3,9,8,9
5,7,8,10,1,0,9
0,3,4,6,7,9,9
5,5,3,3,0,0,10
0,0,5,2,5,3,10
0,0,0,8,0,6,10
8,8,0,0,0,0,10
5,5,5,5,5,5,10
7,0,7,0,7,7,10
5,5,5,5,5,5,10
0,0,5,8,0,0,10
5,7,5,5,5,5,10
0,0,5,5,5,5,10
5,5,5,5,5,5,10
8,5,5,5,5,7,10
5,5,5,5,5,5,10
0,5,0,8,2,8,10
5,5,5,5,5,5,10
5,5,5,5,5,5,10
5,5,5,5,5,5,10
0,0,0,10,0,0,10
8,0,8,0,5,0,10
9,9,7,7,1,1,11
3,3,5,5,8,7,11
1,2,0,10,0,10,11
10,10,6,6,0,0,11
1,6,6,6,6,7,11
3,0,9,1,10,3,11
5,5,4,4,8,8,11
4,2,7,1,2,2,11
0,8,1,9,9,9,11
0,0,1,9,3,2,11
3,8,1,8,8,9,11
1,2,0,8,3,7,11
7,7,7,7,8,8,11
1,9,2,9,7,8,11
7,5,4,8,6,8,11
5,2,8,3,9,9,11
8,0,8,6,7,7,11
0,0,4,8,1,1,11
2,1,0,1,9,3,11
9,9,5,5,2,2,12
5,2,8,2,8,5,12
0,0,0,10,0,9,12
9,9,0,0,0,0,12
5,5,5,5,5,5,12
7,0,9,4,9,0,12
5,5,6,6,7,7,12
0,0,9,0,0,5,12
5,5,5,7,5,7,12
0,0,5,5,9,9,12
4,6,5,5,5,7,12
0,7,0,6,5,5,12
5,5,6,6,9,9,12
0,9,5,9,5,9,12
7,5,7,7,7,7,12
6,5,9,5,9,6,12
5,9,5,9,6,6,12
0,0,9,9,0,0,12
9,7,5,0,5,0,12
9,9,7,7,2,2,13
6,2,9,2,9,6,13
0,5,0,10,5,10,13
7,7,6,6,4,4,13
10,5,4,4,6,5,13
10,0,6,0,7,1,13
0,0,5,5,8,8,13
0,0,8,0,2,0,13
9,7,5,2,5,4,13
0,0,1,1,10,8,13
7,0,10,3,10,1,13
1,1,5,6,5,7,13
5,6,6,1,2,1,13
8,8,5,4,7,4,13
1,1,5,5,7,8,13
7,9,0,2,2,4,13
5,10,0,8,0,6,13
0,0,9,9,0,9,13
10,1,8,0,2,0,13
8,8,0,0,0,0,14
0,0,8,0,8,0,14
0,0,0,8,0,8,14
8,8,0,0,0,0,14
5,7,5,5,5,5,14
5,0,5,0,5,0,14
5,5,5,5,5,5,14
0,0,10,0,0,0,14
5,5,5,5,5,5,14
0,0,0,5,5,5,14
5,5,5,5,5,5,14
5,5,5,5,5,5,14
5,5,5,5,5,5,14
0,5,0,4,0,5,14
3,5,3,5,2,5,14
0,8,0,8,0,0,14
5,5,5,5,5,5,14
0,0,0,5,0,0,14
8,0,8,5,8,8,14
6,6,5,5,4,4,15
5,4,5,4,6,5,15
6,5,4,6,5,6,15
10,10,5,5,4,3,15
4,4,5,3,5,5,15
8,4,4,6,4,4,15
6,4,6,4,6,5,15
6,5,6,4,4,5,15
9,4,8,4,10,5,15
6,6,5,5,5,5,15
5,4,6,4,5,4,15
4,4,4,4,4,4,15
4,5,5,5,4,4,15
0,5,4,10,3,7,15
5,5,4,5,5,4,15
5,5,5,5,4,4,15
5,5,8,4,6,6,15
7,7,5,7,4,3,15
7,4,7,5,5,5,15
5,5,0,0,0,0,16
0,0,5,5,6,6,16
0,0,0,5,0,10,16
9,9,3,3,1,1,16
5,6,5,5,5,5,16
5,5,5,3,5,5,16
5,5,5,5,5,5,16
0,0,8,8,3,2,16
5,5,5,5,5,6,16
0,0,0,0,8,8,16
5,5,5,5,5,6,16
5,0,5,0,7,7,16
5,5,6,6,6,6,16
3,8,2,8,6,8,16
5,5,5,5,5,5,16
6,5,5,5,5,5,16
5,6,1,5,5,5,16
0,0,5,7,2,5,16
9,0,9,0,8,0,16
6,6,5,5,0,0,17
0,0,5,5,7,7,17
0,0,0,5,2,9,17
7,7,4,4,0,0,17
0,5,5,6,5,5,17
8,0,5,0,5,3,17
5,5,5,5,8,8,17
0,0,9,0,0,0,17
5,7,5,6,7,7,17
0,0,5,5,5,5,17
5,5,5,5,5,5,17
8,8,8,8,8,8,17
5,5,5,5,5,5,17
0,8,0,9,0,9,17
7,7,7,7,7,7,17
5,5,5,5,5,5,17
7,7,7,7,7,7,17
0,0,0,9,0,0,17
8,0,8,0,8,0,17
9,10,6,6,1,1,18
8,5,9,3,8,8,18
8,7,7,7,6,9,18
10,10,8,7,5,6,18
7,10,7,1,3,6,18
8,8,10,5,9,7,18
6,6,6,8,7,8,18
7,9,7,8,4,5,18
9,8,8,5,8,7,18
6,6,8,8,10,10,18
7,7,8,8,5,4,18
10,6,9,3,8,8,18
3,4,6,8,9,10,18
0,3,2,10,3,10,18
2,8,7,7,6,7,18
7,2,8,8,7,8,18
5,5,6,6,9,10,18
10,10,7,8,8,8,18
9,8,7,6,7,9,18
8,8,0,0,0,0,19
0,0,8,0,8,0,19
0,0,0,9,0,9,19
8,8,0,0,0,0,19
8,4,8,6,4,7,19
7,0,8,0,8,3,19
5,5,5,5,5,5,19
2,2,8,0,5,0,19
8,8,5,5,5,5,19
0,0,8,7,8,8,19
5,5,5,5,5,5,19
5,5,5,5,5,5,19
0,0,5,5,5,5,19
2,5,0,7,0,7,19
5,5,5,5,5,5,19
5,8,8,5,8,5,19
5,5,5,5,5,5,19
0,0,0,9,0,3,19
8,0,8,0,8,0,19
10,10,0,0,0,0,20
0,0,10,0,10,0,20
0,0,0,10,0,10,20
10,10,6,6,2,2,20
9,9,8,0,8,8,20
2,2,7,2,5,2,20
5,5,5,5,0,0,20
0,0,8,8,6,6,20
5,10,5,1,9,2,20
0,0,5,5,9,9,20
6,6,3,3,8,8,20
0,7,0,5,7,7,20
5,5,5,5,5,5,20
7,5,7,2,5,2,20
0,8,0,7,8,8,20
0,10,0,10,5,5,20
0,0,5,0,5,5,20
0,0,9,9,3,10,20
7,5,10,0,5,0,20
9,8,5,5,2,0,21
5,0,9,0,9,5,21
0,5,0,9,5,9,21
10,10,6,6,0,0,21
6,6,8,8,1,1,21
6,1,9,1,9,6,21
8,6,6,1,7,8,21
8,8,6,6,2,2,21
3,7,3,8,7,8,21
1,1,7,7,8,8,21
8,3,8,2,3,1,21
6,6,6,6,8,8,21
2,8,2,7,2,2,21
2,7,2,9,6,9,21
7,7,7,7,6,6,21
7,8,1,7,1,7,21
7,2,7,2,7,7,21
9,8,6,6,2,2,21
8,5,7,3,5,3,21
5,5,5,5,5,5,22
0,0,9,0,9,5,22
0,0,0,5,5,10,22
7,7,5,5,0,0,22
5,5,5,5,5,5,22
9,0,9,0,9,0,22
5,5,5,5,5,5,22
0,0,10,0,0,0,22
5,5,5,5,5,5,22
5,0,5,5,8,9,22
5,5,5,5,5,5,22
5,5,5,5,5,5,22
5,5,5,5,5,5,22
5,7,0,8,5,5,22
5,5,5,5,5,5,22
5,5,5,5,5,5,22
9,5,9,5,9,6,22
5,9,5,5,5,5,22
10,0,10,0,0,5,22
9,9,1,1,1,1,23
1,1,9,1,9,1,23
0,0,0,5,0,5,23
5,5,0,0,0,0,23
5,5,5,5,5,5,23
5,0,5,0,5,0,23
5,5,5,5,5,5,23
0,0,10,0,0,0,23
5,5,5,5,5,5,23
0,0,0,5,5,5,23
5,5,5,5,5,5,23
0,5,0,5,5,5,23
5,5,5,5,5,5,23
0,5,0,5,0,5,23
5,5,5,5,5,5,23
5,5,5,5,5,5,23
5,5,5,5,5,5,23
0,0,0,10,0,0,23
0,0,10,0,0,0,23
10,10,5,5,0,0,24
5,0,10,0,10,5,24
0,5,0,5,5,10,24
10,10,5,5,0,0,24
5,5,5,10,0,5,24
5,0,10,0,10,5,24
5,5,10,10,10,10,24
5,6,5,5,0,0,24
0,5,0,10,5,10,24
10,10,5,5,0,0,24
5,10,5,0,5,0,24
0,0,5,0,5,4,24
5,5,5,10,10,10,24
0,5,0,10,5,10,24
5,5,5,5,0,10,24
5,0,10,0,10,5,24
5,0,10,0,10,5,24
5,10,5,5,0,0,24
0,5,0,10,5,10,24
10,10,0,0,0,0,25
0,0,8,0,8,0,25
0,0,0,5,0,5,25
8,8,0,0,0,0,25
5,5,5,5,5,5,25
5,0,5,0,5,0,25
5,5,5,5,5,5,25
0,0,10,0,0,0,25
5,5,5,5,5,5,25
0,0,0,0,8,8,25
5,5,5,5,5,5,25
0,5,0,5,5,5,25
5,5,5,5,5,5,25
0,5,0,5,0,5,25
5,5,5,5,5,5,25
5,5,5,5,5,5,25
5,5,5,5,5,5,25
0,0,0,10,0,0,25
8,8,8,0,0,0,25
6,6,4,4,1,1,26
1,0,4,3,6,5,26
0,1,0,8,1,4,26
9,9,5,5,1,1,26
3,5,4,5,6,7,26
5,2,6,3,7,6,26
4,3,5,4,5,5,26
0,0,7,2,5,6,26
5,3,4,6,6,4,26
0,0,4,5,7,7,26
4,3,6,4,7,7,26
0,3,7,5,0,6,26
4,5,4,5,6,6,26
4,7,3,6,5,7,26
4,5,3,3,7,7,26
8,7,5,4,6,6,26
3,4,6,5,7,6,26
0,0,2,9,5,4,26
9,7,9,8,8,9,26
8,8,4,4,1,1,27
0,0,6,2,8,8,27
0,0,2,9,3,9,27
10,10,9,9,1,1,27
3,3,2,8,2,8,27
8,5,7,2,9,7,27
3,2,7,2,8,6,27
0,0,6,6,8,8,27
6,7,8,9,6,8,27
0,0,0,0,10,10,27
2,7,2,6,2,7,27
1,1,1,1,9,9,27
3,3,2,2,5,5,27
9,3,7,1,4,1,27
6,4,3,2,4,2,27
7,2,6,2,9,9,27
7,4,8,4,9,8,27
2,1,5,4,8,8,27
10,0,10,0,0,0,27
10,5,0,0,0,0,28
0,0,10,0,5,5,28
0,2,0,10,2,5,28
10,10,5,5,0,0,28
10,0,10,0,10,0,28
5,0,10,0,8,4,28
9,5,7,2,9,4,28
0,0,10,0,5,0,28
5,0,10,0,8,2,28
0,0,4,1,10,7,28
10,0,10,0,10,0,28
0,10,5,5,10,5,28
0,5,0,10,0,9,28
1,10,0,10,0,10,28
5,5,0,10,0,5,28
5,9,0,10,5,5,28
3,9,2,9,2,7,28
0,0,0,10,0,5,28
5,5,10,0,5,5,28
10,10,5,5,0,0,29
5,0,10,0,10,5,29
0,5,0,10,5,10,29
10,10,5,5,3,3,29
2,7,2,6,2,7,29
6,4,10,6,9,8,29
5,3,8,1,6,6,29
5,8,2,5,3,1,29
5,7,2,8,3,8,29
0,0,5,5,10,8,29
6,4,1,8,5,3,29
5,4,2,7,0,7,29
10,10,5,5,4,4,29
6,3,1,8,7,9,29
7,3,5,8,3,7,29
7,7,3,1,1,6,29
7,5,10,8,8,6,29
5,7,8,4,2,1,29
10,5,9,5,4,7,29
0,5,5,10,5,5,30
5,6,0,5,0,5,30
4,5,0,5,5,10,30
10,10,0,0,0,0,30
10,0,5,0,5,5,30
8,0,10,0,10,5,30
5,0,10,1,10,5,30
0,0,10,5,0,0,30
10,9,5,3,5,8,30
0,0,0,5,10,5,30
10,0,10,0,1,0,30
0,0,10,5,5,5,30
5,5,5,5,5,10,30
3,5,0,5,0,5,30
5,0,5,0,5,5,30
10,5,3,5,3,10,30
2,10,5,10,5,5,30
0,0,5,10,0,0,30
5,10,5,0,5,0,30
10,9,8,8,0,0,31
0,0,5,0,10,5,31
0,0,0,5,0,10,31
2,3,0,3,6,6,31
3,8,5,9,2,7,31
1,5,5,3,7,9,31
2,4,4,8,7,8,31
5,8,1,4,8,10,31
5,2,8,2,5,9,31
0,0,0,0,10,10,31
2,1,7,8,3,9,31
0,0,0,0,10,10,31
3,3,2,5,8,10,31
5,1,2,5,10,2,31
4,3,7,1,9,9,31
3,1,8,6,9,9,31
0,0,5,5,5,5,31
6,4,9,6,9,3,31
1,1,5,6,10,10,31
8,8,5,5,0,0,32
5,2,5,2,7,5,32
0,3,0,10,0,5,32
10,6,7,7,1,1,32
2,2,7,8,3,5,32
0,0,0,0,10,0,32
0,0,0,0,10,0,32
0,10,0,10,2,2,32
0,0,0,0,10,0,32
0,0,0,0,10,0,32
0,0,0,0,10,0,32
0,0,0,0,10,0,32
0,7,0,7,5,10,32
0,0,0,0,10,6,32
0,0,0,8,3,2,32
0,0,10,0,5,0,32
0,0,0,0,0,10,32
0,0,0,0,10,0,32
0,0,0,0,10,0,32
7,7,0,0,5,5,33
5,0,8,5,8,5,33
0,5,0,9,2,9,33
9,9,5,5,2,2,33
6,7,0,5,0,2,33
0,0,8,0,9,5,33
3,3,6,5,6,5,33
3,3,5,5,2,2,33
0,0,0,8,5,8,33
9,9,1,1,0,0,33
2,5,1,6,7,4,33
2,2,5,5,3,3,33
1,1,4,6,6,7,33
1,1,1,8,5,8,33
3,3,5,2,4,3,33
2,2,7,0,6,0,33
4,4,9,3,8,5,33
8,8,5,3,3,3,33
5,5,5,2,6,1,33
8,8,5,5,0,0,34
5,10,8,10,8,5,34
0,0,0,9,0,10,34
8,9,5,5,3,3,34
5,4,4,6,5,5,34
8,1,5,3,5,5,34
5,5,3,3,5,5,34
7,4,7,5,0,0,34
7,3,8,3,5,5,34
3,3,5,5,9,9,34
5,5,5,4,5,5,34
9,3,1,2,8,8,34
3,5,4,6,8,8,34
2,7,2,5,3,5,34
5,5,5,5,7,7,34
5,5,5,5,5,5,34
2,7,5,7,5,5,34
6,4,5,5,2,2,34
6,9,6,0,7,0,34
9,9,4,4,0,0,35
0,0,9,0,9,5,35
0,0,0,9,0,9,35
9,9,0,0,0,0,35
2,2,1,8,2,6,35
8,0,9,0,9,0,35
5,5,5,5,5,5,35
8,8,7,0,0,0,35
5,5,5,5,5,5,35
0,0,9,9,5,5,35
0,1,0,9,1,10,35
5,5,0,5,5,5,35
5,5,5,5,5,5,35
0,5,0,8,3,9,35
5,5,9,4,7,4,35
2,1,9,1,9,5,35
5,5,5,5,5,5,35
9,9,5,5,4,3,35
9,0,9,0,8,0,35
10,5,5,0,5,0,36
5,2,8,3,8,7,36
3,5,3,8,6,10,36
10,10,8,7,4,3,36
9,4,8,3,4,3,36
8,7,10,0,8,7,36
5,3,10,3,5,4,36
8,7,5,4,4,3,36
3,5,4,8,8,10,36
8,6,7,5,3,2,36
9,7,5,6,4,3,36
9,7,8,5,4,3,36
4,5,3,7,8,9,36
0,7,0,10,8,9,36
3,2,7,8,5,5,36
8,7,7,6,4,3,36
5,5,10,5,3,3,36
8,7,8,7,5,4,36
3,5,2,8,7,9,36
10,10,5,5,0,0,37
5,0,10,0,10,5,37
0,5,0,10,5,10,37
10,10,5,5,0,0,37
10,5,5,10,5,5,37
5,0,10,0,10,5,37
5,0,10,0,10,5,37
10,10,5,5,0,0,37
0,5,0,10,5,10,37
10,10,5,5,0,0,37
0,5,0,10,5,10,37
5,5,10,0,10,5,37
0,5,0,10,5,10,37
0,5,0,10,5,10,37
5,5,10,5,6,5,37
5,5,10,0,5,0,37
5,0,10,0,10,5,37
10,10,5,5,0,0,37
0,5,0,10,5,10,37
9,9,4,4,0,0,38
0,0,7,5,7,6,38
0,0,0,9,0,9,38
10,10,0,0,0,0,38
2,8,0,8,0,9,38
5,0,5,0,5,5,38
5,5,6,6,8,8,38
4,4,8,9,0,0,38
5,5,5,5,5,5,38
9,9,4,3,0,0,38
5,5,4,4,4,2,38
2,3,2,4,7,7,38
3,3,4,4,6,6,38
0,5,0,7,1,9,38
2,2,2,2,3,0,38
7,1,7,1,8,4,38
5,5,5,5,5,5,38
5,4,4,10,0,0,38
9,1,9,1,0,0,38
10,10,3,3,0,0,39
3,0,10,0,10,5,39
0,5,0,8,0,10,39
10,10,5,5,0,0,39
10,10,5,10,5,10,39
10,0,10,0,10,5,39
5,5,5,5,10,10,39
0,0,5,10,2,0,39
5,10,5,10,10,10,39
0,0,10,10,10,10,39
10,10,10,10,10,10,39
5,5,0,5,0,5,39
5,5,5,4,10,10,39
0,10,0,10,5,10,39
5,5,7,5,10,5,39
5,5,10,5,10,10,39
10,5,10,10,10,5,39
0,0,0,10,0,0,39
10,10,5,10,10,10,39
10,10,5,5,0,0,40
0,0,10,0,10,5,40
0,0,0,10,0,10,40
10,10,5,5,0,0,40
3,7,0,8,2,10,40
10,0,10,0,9,5,40
3,3,5,5,10,10,40
0,0,5,5,0,3,40
10,8,5,10,10,10,40
0,0,0,8,5,10,40
0,8,5,9,5,9,40
0,0,5,5,5,5,40
5,5,7,7,10,10,40
0,10,0,10,5,10,40
6,0,7,5,9,1,40
7,0,5,0,9,10,40
7,7,10,4,10,10,40
10,10,5,8,0,6,40
1,0,4,0,10,0,40
0,0,5,5,7,7,41
0,0,9,0,9,5,41
0,0,0,9,0,9,41
10,10,0,0,0,0,41
8,8,8,8,8,8,41
9,0,7,0,8,0,41
8,8,8,8,8,8,41
0,9,5,8,5,7,41
8,5,8,8,7,9,41
0,0,8,8,8,8,41
7,8,7,9,8,9,41
0,8,0,8,7,7,41
5,5,5,5,5,5,41
0,8,0,7,0,8,41
7,7,7,7,7,7,41
8,9,10,7,10,8,41
9,8,9,8,8,7,41
7,0,8,5,7,7,41
5,0,7,0,8,0,41
5,5,0,0,0,0,42
0,0,7,0,8,6,42
0,0,0,7,0,7,42
8,8,0,0,0,0,42
6,5,6,4,7,5,42
7,0,7,0,7,0,42
6,3,5,3,3,4,42
0,0,10,0,0,0,42
6,7,6,5,6,6,42
0,0,0,7,7,7,42
5,5,5,5,5,5,42
0,5,0,6,7,7,42
3,3,4,3,2,3,42
0,7,0,7,0,8,42
6,6,5,5,4,3,42
6,6,5,6,5,4,42
6,6,5,5,5,5,42
0,0,0,7,0,0,42
7,0,7,0,6,0,42
7,7,5,5,0,0,43
0,0,5,5,8,8,43
0,0,0,5,0,10,43
9,9,0,0,0,0,43
0,1,5,8,4,5,43
7,0,8,0,8,1,43
3,3,5,5,8,8,43
0,0,10,5,1,0,43
9,8,9,9,9,9,43
0,0,0,9,9,9,43
7,7,6,8,7,8,43
0,7,0,5,9,9,43
3,3,3,3,7,7,43
0,8,0,9,0,9,43
1,1,5,1,5,3,43
5,5,7,5,6,6,43
4,7,9,7,7,8,43
0,0,3,10,2,0,43
8,0,7,0,8,0,43
10,10,5,5,0,0,44
0,0,10,5,10,4,44
0,0,0,10,0,10,44
9,9,2,2,1,1,44
5,8,5,8,8,8,44
8,5,8,5,8,5,44
5,5,5,5,4,5,44
3,3,5,3,2,2,44
5,5,5,8,5,8,44
0,0,8,8,10,10,44
5,5,5,5,8,8,44
1,1,5,5,5,5,44
5,5,5,5,8,8,44
5,5,5,8,5,8,44
5,5,5,5,5,5,44
5,5,7,7,7,7,44
8,8,8,8,8,8,44
2,2,5,5,3,3,44
5,5,5,8,5,8,44
5,5,5,5,5,5,45
5,8,2,7,8,5,45
1,6,2,8,6,8,45
5,3,4,4,9,9,45
4,3,9,9,7,6,45
5,4,5,6,4,6,45
3,3,5,6,5,3,45
8,6,9,2,5,3,45
3,10,4,5,4,6,45
7,6,2,4,1,1,45
5,3,8,7,7,2,45
5,4,7,5,8,8,45
5,3,5,7,2,2,45
4,5,8,3,6,3,45
2,4,5,5,7,7,45
5,4,6,5,8,8,45
7,7,10,9,3,3,45
3,3,5,6,8,8,45
5,6,0,5,2,5,45
9,9,5,5,0,0,46
0,0,10,0,10,3,46
0,0,0,10,0,10,46
9,9,5,5,0,0,46
2,3,3,9,5,8,46
7,3,10,3,9,5,46
5,5,5,5,8,8,46
1,1,1,5,2,2,46
2,5,1,9,5,9,46
0,0,4,8,8,8,46
4,6,2,9,9,9,46
9,5,0,6,4,5,46
3,5,5,5,7,7,46
1,6,1,9,3,9,46
6,4,7,5,9,5,46
5,2,9,2,9,5,46
7,5,10,4,10,5,46
1,1,5,9,0,0,46
7,0,7,0,6,0,46
5,5,0,0,0,0,47
0,0,5,0,5,0,47
0,0,0,5,0,5,47
5,5,0,0,0,0,47
5,5,5,5,5,5,47
5,0,5,0,5,0,47
5,5,5,5,5,5,47
0,0,10,0,0,0,47
5,5,5,5,5,5,47
0,0,0,0,5,5,47
5,5,5,5,5,5,47
0,0,0,0,5,5,47
5,5,5,5,5,5,47
0,5,0,5,0,5,47
5,5,5,5,5,5,47
5,5,5,5,5,5,47
5,5,5,5,5,5,47
0,0,5,5,0,0,47
5,0,5,0,5,0,47
9,9,0,0,0,0,48
5,0,9,0,9,9,48
0,0,0,5,0,5,48
10,10,5,5,0,0,48
3,8,1,8,4,8,48
6,1,9,3,9,5,48
5,5,5,5,8,8,48
1,1,7,2,1,2,48
3,6,2,7,3,8,48
0,0,1,5,1,2,48
1,5,1,5,5,6,48
1,8,2,7,7,7,48
4,4,4,4,8,8,48
1,5,2,9,5,10,48
6,1,9,5,5,5,48
5,1,5,1,8,7,48
5,1,5,1,7,6,48
2,2,2,8,1,1,48
3,7,1,0,6,0,48
9,9,2,2,0,0,49
3,0,8,0,9,2,49
0,0,0,10,0,10,49
10,10,0,0,0,0,49
5,2,5,7,7,6,49
6,0,10,1,10,2,49
5,5,5,5,5,5,49
5,3,6,2,7,6,49
0,9,0,10,9,9,49
0,0,0,10,0,0,49
0,9,0,10,9,9,49
0,0,1,8,2,5,49
8,8,5,5,5,5,49
0,8,0,9,0,9,49
8,0,9,8,9,9,49
10,2,10,0,9,7,49
5,7,3,3,9,6,49
0,0,0,10,0,0,49
0,0,0,0,10,0,49
9,9,7,7,0,0,50
2,0,10,0,10,7,50
0,5,0,10,5,10,50
10,10,6,6,0,0,50
0,10,5,10,5,7,50
7,0,10,0,10,6,50
10,0,10,0,10,5,50
0,0,5,2,0,0,50
5,8,5,10,9,10,50
0,0,0,10,10,10,50
0,10,5,10,10,9,50
0,10,6,6,10,9,50
7,7,7,7,10,10,50
0,10,0,10,0,10,50
10,0,9,8,5,5,50
10,10,10,10,10,10,50
10,0,6,0,6,10,50
0,0,0,10,0,0,50
10,0,10,0,10,0,50
5,5,0,0,0,0,51
0,0,5,0,5,0,51
0,0,0,5,0,5,51
5,5,0,0,0,0,51
5,5,5,5,5,5,51
6,0,6,0,6,0,51
5,5,5,5,5,5,51
0,0,5,0,1,0,51
3,4,3,5,4,5,51
0,0,0,5,6,6,51
5,5,5,5,5,5,51
0,6,0,6,5,6,51
5,5,5,5,5,5,51
0,6,0,6,0,6,51
5,5,5,5,5,5,51
5,5,5,5,5,5,51
5,5,5,5,5,5,51
0,0,0,10,0,0,51
6,0,6,0,6,0,51
10,10,0,0,0,0,52
0,0,10,0,10,5,52
0,0,0,10,0,10,52
10,10,0,0,0,0,52
5,5,5,5,5,5,52
5,0,9,0,9,0,52
5,5,5,5,5,5,52
0,0,10,0,0,0,52
5,5,5,9,5,9,52
0,0,0,9,5,5,52
5,5,5,5,5,5,52
0,0,0,0,9,9,52
5,5,5,5,5,5,52
0,5,0,9,0,9,52
5,5,5,5,5,5,52
9,5,9,5,9,5,52
10,5,10,5,10,5,52
0,0,0,10,0,0,52
9,0,9,0,9,0,52
5,5,0,0,0,0,53
0,0,5,5,5,5,53
0,0,0,0,7,7,53
5,5,0,0,0,0,53
5,5,5,5,5,5,53
5,0,5,0,5,0,53
5,5,5,5,5,5,53
0,0,10,0,0,0,53
4,5,5,5,5,5,53
0,0,0,0,7,7,53
5,5,5,5,5,5,53
0,5,0,5,5,5,53
5,5,5,5,5,5,53
0,5,0,5,0,5,53
5,5,5,5,5,5,53
5,5,5,5,5,5,53
5,0,0,0,5,5,53
0,0,0,10,0,0,53
5,0,5,0,5,0,53
5,5,2,2,0,0,54
0,0,5,2,5,4,54
0,1,0,6,2,6,54
6,6,2,2,0,0,54
5,5,5,5,5,5,54
6,2,6,0,6,3,54
5,5,5,5,5,5,54
0,0,6,0,1,0,54
5,5,5,5,5,5,54
0,0,2,5,5,5,54
5,5,5,5,5,5,54
0,5,1,5,5,5,54
5,5,5,5,5,5,54
1,5,1,5,1,5,54
5,5,5,5,5,5,54
5,5,5,5,5,5,54
5,5,5,5,5,5,54
0,0,1,5,1,1,54
8,1,8,0,7,0,54
10,10,5,5,0,0,55
0,0,7,0,10,5,55
0,4,0,8,0,8,55
10,10,4,5,2,2,55
0,0,7,4,10,10,55
5,2,10,3,9,3,55
7,5,9,2,9,3,55
2,2,9,2,0,0,55
5,5,5,2,7,2,55
0,0,0,5,10,10,55
3,1,7,0,8,9,55
5,0,8,2,8,5,55
5,5,5,5,4,7,55
7,8,5,10,5,10,55
3,4,3,7,6,7,55
2,7,0,8,0,8,55
2,2,0,8,0,8,55
0,0,0,9,2,6,55
8,5,8,2,5,2,55
9,9,7,7,0,0,56
5,5,5,5,5,5,56
5,9,0,9,0,5,56
0,0,5,5,9,9,56
0,0,0,5,0,9,56
0,0,5,0,9,9,56
0,0,9,9,9,9,56
0,0,0,2,0,0,56
9,9,0,9,0,9,56
0,0,1,0,0,0,56
5,5,0,8,0,8,56
5,5,0,0,0,0,56
0,0,5,5,9,9,56
0,0,0,9,2,9,56
0,0,8,0,10,0,56
2,2,5,0,9,0,56
3,2,9,0,9,0,56
0,0,2,2,5,0,56
0,0,0,8,0,8,56
10,10,0,0,0,0,57
0,0,5,5,5,5,57
0,0,0,10,0,10,57
10,10,0,0,0,0,57
0,0,0,5,0,5,57
0,0,10,0,10,0,57
5,5,5,5,5,5,57
0,0,0,10,0,10,57
0,5,0,10,5,0,57
0,0,0,5,0,0,57
0,10,0,10,0,10,57
0,10,0,5,0,5,57
5,5,5,5,5,5,57
5,5,5,0,5,0,57
10,0,5,0,5,0,57
5,0,8,0,10,10,57
10,0,10,0,10,10,57
0,0,0,10,0,0,57
0,0,10,0,10,0,57
7,6,0,0,0,0,58
0,0,7,0,7,1,58
0,0,0,9,0,8,58
9,9,0,0,0,0,58
0,9,7,7,8,8,58
7,0,8,0,9,4,58
7,7,7,7,7,7,58
0,0,9,0,0,0,58
0,9,0,9,8,9,58
0,0,0,8,0,0,58
0,8,0,8,8,9,58
0,0,0,9,0,7,58
5,5,6,6,6,6,58
0,8,0,8,0,9,58
8,0,8,8,8,8,58
8,0,8,0,7,7,58
7,0,7,0,8,7,58
0,0,0,9,0,0,58
0,0,0,0,9,0,58
2,3,7,5,0,2,59
4,6,8,3,1,7,59
5,4,2,7,7,8,59
5,3,2,7,3,0,59
2,2,6,5,3,2,59
4,1,2,8,5,7,59
1,5,4,2,1,8,59
1,7,7,1,5,2,59
3,6,8,3,8,7,59
3,1,7,4,3,4,59
5,7,5,4,4,4,59
6,3,1,6,8,0,59
4,1,7,5,8,2,59
3,6,3,4,1,7,59
4,3,6,8,3,10,59
6,2,3,3,3,4,59
7,3,8,7,4,0,59
6,8,2,3,7,8,59
7,4,8,6,4,2,59
5,4,4,5,5,4,60
5,2,10,2,10,8,60
2,5,2,9,2,10,60
9,10,5,9,1,0,60
8,7,9,5,6,5,60
5,2,10,1,10,5,60
5,1,8,2,8,5,60
8,9,6,5,5,3,60
2,5,2,9,8,10,60
9,10,8,5,5,7,60
3,5,4,8,7,8,60
8,5,7,6,5,8,60
2,5,2,9,5,8,60
1,5,1,10,5,10,60
6,8,5,7,3,4,60
5,2,8,1,9,5,60
5,2,8,1,10,7,60
8,7,5,6,1,2,60
3,7,2,9,9,8,60
5,5,0,0,0,0,61
0,0,6,0,4,0,61
0,0,0,4,0,6,61
7,7,2,2,1,1,61
2,3,5,6,8,9,61
5,0,4,0,6,0,61
1,1,4,4,8,8,61
0,0,5,0,0,0,61
2,3,5,6,8,9,61
0,0,0,5,5,5,61
1,2,3,4,7,8,61
0,0,0,0,0,0,61
5,5,5,5,5,5,61
0,5,0,5,0,5,61
3,2,6,5,9,8,61
3,2,5,4,9,8,61
5,5,5,5,5,5,61
0,0,0,8,0,2,61
5,0,5,0,5,0,61
10,10,5,5,1,1,62
0,0,9,0,9,5,62
0,0,0,9,0,9,62
9,9,3,3,0,0,62
5,5,5,5,5,5,62
8,2,8,2,9,2,62
0,0,5,5,5,5,62
0,0,5,5,3,2,62
5,5,5,5,5,5,62
0,0,5,0,9,9,62
5,5,5,5,5,5,62
0,5,0,5,5,5,62
5,5,5,5,5,5,62
1,7,1,8,2,8,62
5,5,5,5,5,5,62
5,5,5,5,5,5,62
5,5,5,5,5,5,62
0,0,1,7,2,3,62
5,5,5,0,5,0,62
7,7,4,4,3,3,63
6,3,5,4,5,3,63
0,5,0,10,4,8,63
10,10,5,5,0,0,63
3,3,5,4,3,3,63
5,0,7,0,7,5,63
6,6,3,3,7,7,63
4,4,6,7,4,5,63
7,4,9,4,5,5,63
0,0,4,5,7,7,63
5,5,2,5,3,5,63
6,7,3,3,5,5,63
3,3,3,3,7,7,63
7,5,5,5,4,7,63
0,0,5,6,2,2,63
7,0,5,5,6,5,63
5,3,7,2,6,5,63
0,0,2,2,7,6,63
10,3,10,0,1,3,63
10,10,5,5,0,0,64
2,0,10,0,9,5,64
0,2,0,9,5,10,64
10,10,5,5,2,2,64
5,6,5,7,5,7,64
7,0,8,0,8,1,64
5,5,6,6,7,7,64
0,0,8,4,0,1,64
5,6,5,6,5,6,64
0,0,5,5,5,5,64
5,5,5,5,5,5,64
0,2,5,5,8,7,64
4,4,6,7,8,8,64
0,9,0,9,4,9,64
8,5,7,6,7,7,64
5,5,5,5,5,5,64
4,4,7,3,8,6,64
1,1,5,5,5,5,64
10,0,8,0,9,0,64
4,5,6,9,2,8,65
1,3,8,4,9,5,65
3,4,5,8,0,10,65
10,8,6,5,0,2,65
1,8,1,7,0,10,65
5,6,9,7,5,8,65
0,3,5,7,8,9,65
9,4,8,7,10,7,65
5,10,8,7,9,5,65
3,4,6,5,8,10,65
4,7,10,5,9,8,65
5,3,6,8,9,10,65
5,4,9,5,10,8,65
9,5,9,8,4,7,65
5,6,3,7,9,8,65
8,3,9,0,5,8,65
5,0,9,6,8,7,65
3,9,3,8,5,6,65
5,10,5,6,8,9,65
9,9,0,0,0,0,66
0,0,9,0,9,0,66
0,5,0,7,0,7,66
9,9,0,0,0,0,66
7,7,7,7,7,7,66
7,0,8,0,8,7,66
8,8,8,8,8,8,66
0,0,10,0,0,0,66
7,7,7,7,7,7,66
0,0,0,8,9,9,66
7,7,7,7,7,7,66
0,7,0,7,7,7,66
3,3,5,5,10,10,66
0,8,0,8,0,8,66
7,5,5,5,7,7,66
7,7,7,7,7,7,66
5,5,5,5,5,5,66
0,0,0,10,0,0,66
8,5,8,0,5,0,66
5,5,0,0,0,0,67
0,0,5,0,5,0,67
0,0,0,5,0,5,67
5,5,0,0,0,0,67
5,5,5,5,5,5,67
5,0,5,0,5,0,67
5,5,5,0,5,0,67
0,0,10,0,0,0,67
5,5,5,5,5,5,67
0,0,0,0,5,5,67
5,5,5,5,5,5,67
0,5,0,5,5,5,67
5,5,5,5,5,5,67
0,5,0,5,0,5,67
5,5,5,5,5,5,67
5,0,5,5,5,5,67
5,5,5,5,5,5,67
0,0,0,10,0,0,67
5,0,5,0,5,0,67
5,6,0,0,0,0,68
0,0,7,3,8,4,68
0,0,0,6,0,7,68
7,7,0,0,0,0,68
5,5,5,5,5,5,68
5,0,5,0,5,0,68
5,5,5,5,5,5,68
0,0,5,0,0,0,68
5,5,5,5,5,6,68
0,0,0,5,5,5,68
5,5,5,5,5,5,68
0,5,0,5,5,5,68
5,5,5,5,5,5,68
0,5,0,5,0,5,68
5,5,5,5,5,5,68
5,5,5,5,5,5,68
5,5,5,5,5,5,68
0,0,0,5,0,0,68
5,0,5,0,5,0,68
7,9,6,2,5,8,69
8,3,7,3,9,6,69
7,4,5,10,4,8,69
6,3,1,8,8,4,69
6,2,10,5,7,3,69
2,8,7,10,0,4,69
5,2,3,4,8,8,69
2,3,7,8,0,1,69
5,3,4,8,0,7,69
2,7,3,6,7,4,69
9,6,3,7,5,2,69
8,4,9,2,0,4,69
7,1,6,8,9,3,69
4,3,9,7,0,10,69
7,4,7,3,0,8,69
5,3,9,7,2,1,69
6,3,5,10,6,0,69
7,3,0,4,3,5,69
5,7,8,8,3,3,69
10,10,4,4,0,0,70
0,0,5,0,9,3,70
0,0,0,10,0,9,70
10,10,0,0,0,0,70
8,4,10,0,0,0,70
4,0,8,0,9,6,70
7,3,10,0,0,0,70
6,2,7,0,0,0,70
0,8,0,7,4,8,70
4,0,7,0,3,1,70
0,4,0,6,6,6,70
0,0,5,5,2,2,70
3,8,0,8,0,0,70
0,7,0,9,5,9,70
5,0,0,7,0,0,70
5,0,7,0,9,6,70
8,0,8,0,9,6,70
5,0,8,2,4,0,70
1,4,2,0,7,0,70
7,7,5,5,2,2,71
0,0,8,0,9,8,71
0,7,0,10,7,10,71
2,2,4,4,10,10,71
1,4,3,4,4,4,71
5,0,10,1,8,5,71
5,5,5,5,10,10,71
0,0,5,4,1,1,71
2,4,2,6,5,6,71
0,0,9,9,10,10,71
1,7,2,8,7,7,71
7,5,7,5,6,5,71
2,2,4,4,10,10,71
2,7,2,8,6,8,71
5,3,6,4,5,4,71
7,2,3,2,3,2,71
6,1,7,1,8,6,71
0,0,2,10,1,2,71
8,9,8,1,8,1,71
0,0,2,3,4,8,72
1,2,2,8,2,8,72
3,2,2,9,4,10,72
8,8,6,6,1,1,72
8,3,2,1,2,9,72
7,4,9,5,5,4,72
6,4,7,4,4,2,72
8,9,5,5,3,2,72
2,2,2,1,3,2,72
6,3,4,4,7,8,72
3,1,2,6,6,8,72
7,7,6,8,2,3,72
5,6,3,7,4,6,72
1,7,1,9,4,8,72
5,5,7,1,2,7,72
8,3,2,1,2,9,72
2,1,5,1,8,3,72
9,8,6,6,1,2,72
2,5,2,8,6,8,72
5,5,0,0,0,0,73
0,0,5,0,5,0,73
0,0,0,5,0,5,73
5,5,0,0,0,0,73
5,5,5,5,5,5,73
5,0,5,0,5,0,73
5,5,5,5,5,5,73
0,0,5,0,0,0,73
0,5,5,5,5,5,73
0,0,0,5,5,5,73
5,5,5,5,5,5,73
0,5,0,5,5,5,73
5,5,5,5,5,5,73
0,5,0,5,0,5,73
5,5,5,5,5,5,73
5,5,5,5,5,5,73
5,5,5,5,5,5,73
0,0,0,5,0,0,73
5,0,5,0,5,0,73
7,7,0,0,0,0,74
0,0,10,0,10,0,74
0,0,0,10,0,10,74
8,7,10,10,0,0,74
5,7,1,8,3,2,74
9,0,10,0,10,9,74
8,0,7,0,9,10,74
9,9,9,9,0,0,74
0,8,0,10,8,10,74
0,10,10,10,0,0,74
0,8,0,10,10,10,74
9,6,10,5,4,4,74
0,8,0,10,8,10,74
0,8,0,10,9,10,74
10,7,10,5,5,5,74
7,0,10,0,10,8,74
10,0,3,0,5,7,74
10,10,8,8,0,0,74
0,8,0,10,9,10,74
10,10,0,0,0,0,75
0,0,10,0,10,0,75
0,0,0,10,0,10,75
10,10,9,9,8,9,75
0,0,0,0,0,0,75
8,5,10,7,10,5,75
5,5,5,5,5,5,75
10,10,10,10,10,10,75
8,7,7,10,8,10,75
10,10,8,5,8,8,75
0,10,5,5,0,0,75
10,10,5,7,8,9,75
0,0,0,0,0,0,75
5,5,8,10,9,10,75
10,10,5,5,2,3,75
0,0,0,0,0,10,75
5,5,10,5,10,5,75
10,10,10,10,10,10,75
8,8,9,10,7,10,75
8,8,5,5,1,1,76
5,2,9,5,9,8,76
0,0,0,9,3,7,76
10,10,4,4,0,0,76
2,7,7,5,7,8,76
2,2,5,5,8,6,76
8,8,8,8,9,9,76
1,1,9,4,2,2,76
1,8,1,10,8,8,76
2,2,5,5,4,4,76
6,8,2,8,8,8,76
0,9,7,8,1,9,76
8,8,8,8,8,8,76
2,9,0,10,5,10,76
8,2,7,6,7,7,76
10,4,9,0,8,1,76
9,5,9,2,9,2,76
2,2,2,8,3,3,76
5,2,4,0,10,0,76
8,8,0,0,0,0,77
3,0,9,0,9,0,77
0,2,0,9,2,9,77
9,9,0,0,0,0,77
5,5,5,5,5,5,77
5,0,5,0,8,0,77
9,5,9,5,5,5,77
7,8,7,6,0,0,77
0,5,5,8,3,8,77
5,5,5,5,5,5,77
0,0,0,5,0,7,77
2,2,5,4,5,5,77
5,5,5,5,5,5,77
5,5,5,5,5,5,77
5,5,5,5,5,5,77
5,5,5,5,5,5,77
2,2,7,3,8,8,77
0,0,0,10,0,0,77
5,5,5,5,5,5,77
10,10,0,0,0,0,78
0,0,10,0,10,0,78
0,0,0,10,0,10,78
10,10,0,0,0,0,78
5,5,5,10,5,10,78
10,0,10,0,10,0,78
5,5,10,10,10,10,78
0,0,5,0,0,0,78
5,5,5,10,5,10,78
0,0,0,5,0,5,78
5,5,0,10,5,10,78
0,5,0,5,5,5,78
5,5,10,10,10,10,78
0,5,0,10,0,10,78
5,5,10,5,10,5,78
10,5,10,5,10,5,78
5,5,10,5,10,5,78
0,0,0,5,0,0,78
10,0,10,0,5,0,78
7,7,5,5,0,0,79
5,2,8,2,8,2,79
0,3,0,8,0,8,79
8,9,3,4,1,0,79
6,8,5,7,3,3,79
5,3,7,3,7,3,79
5,3,4,8,2,8,79
0,0,9,3,2,3,79
2,6,2,7,2,6,79
2,2,3,10,2,3,79
3,5,3,4,3,6,79
8,0,6,6,1,1,79
3,2,4,6,6,7,79
2,6,2,7,3,7,79
2,4,8,6,8,6,79
4,5,7,2,8,9,79
8,3,8,2,6,7,79
3,2,4,10,2,3,79
2,2,2,1,8,0,79
5,5,0,0,0,0,80
0,0,5,0,5,0,80
0,0,0,5,0,5,80
10,10,0,0,0,0,80
1,5,1,8,4,8,80
5,0,8,0,8,0,80
1,1,2,2,2,2,80
0,0,5,0,0,0,80
1,4,1,8,4,8,80
8,8,5,2,1,1,80
3,5,1,7,4,8,80
0,4,0,7,5,5,80
3,3,8,8,8,8,80
1,3,0,8,0,8,80
4,1,8,1,8,5,80
4,1,8,1,8,4,80
3,1,5,1,5,5,80
0,0,0,10,0,0,80
3,0,3,0,4,0,80
10,10,4,4,0,0,81
2,0,8,0,10,5,81
0,0,0,10,0,10,81
10,10,0,0,0,0,81
5,5,3,7,5,6,81
5,0,10,0,10,0,81
5,5,5,5,8,8,81
0,0,10,0,0,0,81
2,5,2,10,2,10,81
8,8,8,8,8,8,81
3,5,1,9,5,9,81
0,5,0,5,5,5,81
5,5,5,5,7,7,81
0,5,0,10,0,10,81
3,5,5,3,6,6,81
8,8,8,8,8,8,81
8,5,10,5,10,8,81
0,0,0,10,0,0,81
8,0,8,0,8,0,81
10,10,5,5,0,0,82
3,0,10,0,10,4,82
0,1,0,9,2,8,82
10,10,3,3,5,0,82
5,5,5,5,4,5,82
6,0,10,0,10,5,82
8,7,8,2,9,6,82
2,1,6,1,0,0,82
4,5,5,7,5,6,82
3,3,6,7,7,5,82
5,5,5,8,5,5,82
3,5,0,7,3,8,82
5,5,5,5,5,5,82
1,5,1,9,4,9,82
2,5,5,7,5,7,82
5,5,7,4,6,5,82
8,5,8,5,8,4,82
4,0,2,6,0,0,82
7,4,7,0,8,0,82
8,8,5,5,0,0,83
2,0,6,0,10,5,83
0,2,0,7,3,8,83
10,10,6,6,2,2,83
6,6,5,8,7,6,83
7,5,8,5,8,7,83
1,1,4,4,7,7,83
0,0,5,2,1,0,83
2,3,2,4,6,7,83
0,0,0,5,8,8,83
7,8,6,7,7,7,83
5,7,3,5,6,7,83
2,2,6,6,9,9,83
2,3,2,8,5,9,83
7,4,7,5,5,7,83
7,6,8,6,7,7,83
8,8,7,4,6,7,83
0,0,2,6,4,5,83
10,0,5,0,7,0,83
0,0,5,5,8,8,84
5,0,8,0,9,5,84
0,0,0,10,0,9,84
10,10,1,1,1,1,84
5,3,2,3,5,5,84
0,0,10,0,10,0,84
2,2,3,3,8,8,84
6,5,4,4,2,2,84
9,4,9,6,5,6,84
0,0,5,0,5,7,84
7,5,7,5,5,5,84
0,0,0,0,8,8,84
5,5,5,5,5,5,84
0,5,0,10,0,10,84
3,3,5,5,5,3,84
1,1,6,1,6,1,84
3,0,8,4,8,6,84
1,7,2,6,5,5,84
8,5,8,0,5,0,84
6,7,5,6,3,2,85
6,2,8,2,8,5,85
0,5,0,8,0,9,85
9,9,6,6,0,0,85
1,6,7,8,8,8,85
8,1,9,2,9,5,85
3,2,5,5,7,7,85
1,1,5,1,0,1,85
9,5,8,1,8,8,85
0,0,0,1,9,9,85
5,4,8,3,7,5,85
0,0,5,6,8,8,85
3,5,5,6,8,9,85
1,5,1,8,7,8,85
5,1,6,3,8,7,85
9,2,7,7,8,8,85
8,2,7,1,5,5,85
0,0,2,5,1,1,85
9,0,0,2,1,2,85
5,5,0,0,0,0,86
0,0,5,0,5,0,86
0,0,0,5,0,5,86
5,5,0,0,0,0,86
0,0,0,5,0,0,86
5,0,5,0,5,0,86
5,5,0,0,0,0,86
0,0,4,0,0,0,86
5,5,5,5,5,5,86
0,0,5,5,5,5,86
0,0,5,5,0,0,86
0,0,0,5,5,5,86
5,5,0,0,0,0,86
0,4,0,6,0,6,86
0,0,0,10,0,0,86
0,0,0,10,0,0,86
5,5,5,5,5,5,86
0,0,0,5,0,0,86
5,5,5,0,5,0,86
5,5,0,0,0,0,87
0,0,2,2,2,2,87
0,0,0,5,0,5,87
5,5,0,0,0,0,87
2,3,2,3,2,2,87
2,0,4,0,4,0,87
2,2,2,2,3,3,87
0,0,10,0,0,0,87
3,2,3,2,2,2,87
0,0,0,2,4,4,87
2,2,2,3,2,3,87
0,0,0,0,5,5,87
1,1,2,2,2,2,87
0,2,0,4,0,4,87
1,1,3,1,3,1,87
2,3,2,3,2,2,87
2,3,2,3,2,2,87
0,0,0,10,0,0,87
5,0,5,0,0,0,87
5,5,6,6,4,4,88
5,5,7,7,3,3,88
2,2,4,6,5,7,88
9,9,6,5,2,2,88
6,7,6,4,0,2,88
6,3,10,7,6,6,88
9,9,5,5,3,3,88
5,4,8,7,0,1,88
10,0,5,7,3,6,88
8,6,2,4,8,6,88
1,5,3,6,10,5,88
3,1,7,6,3,1,88
2,4,3,7,4,7,88
1,5,3,1,2,6,88
5,10,0,5,7,3,88
6,1,7,1,5,3,88
5,3,8,2,6,9,88
8,8,5,5,1,1,88
9,2,5,3,7,4,88
10,10,7,7,0,0,89
0,0,8,4,10,10,89
0,0,0,7,0,10,89
10,10,5,5,0,0,89
5,10,6,7,3,7,89
7,4,10,4,10,3,89
2,2,8,9,10,10,89
2,2,10,3,0,0,89
10,8,9,10,9,10,89
0,0,10,10,5,5,89
5,6,5,10,5,10,89
8,8,1,8,8,5,89
2,5,7,8,10,10,89
0,7,0,10,0,10,89
3,10,9,7,5,5,89
9,7,10,4,10,6,89
5,5,10,5,10,8,89
0,0,3,5,0,0,89
10,0,10,0,9,0,89
4,5,3,9,0,1,90
3,3,5,5,8,8,90
5,4,5,7,0,6,90
5,9,2,8,5,5,90
5,10,3,10,3,5,90
8,5,8,4,6,6,90
5,8,0,8,1,5,90
5,10,4,10,5,5,90
10,5,10,5,5,1,90
10,10,10,10,10,10,90
5,10,6,10,5,4,90
10,10,10,10,5,5,90
5,6,8,5,5,5,90
10,7,10,4,7,4,90
10,5,10,4,5,4,90
10,5,10,5,5,3,90
10,5,8,5,5,4,90
9,5,8,4,5,4,90
7,7,5,5,4,4,90
7,7,6,6,5,5,91
5,5,5,5,5,5,91
1,8,0,8,0,5,91
8,8,8,8,8,8,91
5,7,7,8,7,8,91
5,3,8,2,9,4,91
5,5,5,5,5,5,91
8,8,8,10,8,0,91
6,6,6,5,5,5,91
6,1,7,7,9,9,91
5,5,5,5,5,5,91
9,9,2,5,5,5,91
5,5,5,5,5,5,91
5,6,6,7,9,9,91
5,4,8,7,8,8,91
1,3,3,4,6,6,91
5,5,6,8,7,8,91
7,8,2,7,2,3,91
8,8,8,0,8,0,91
0,0,6,6,7,7,92
0,0,9,5,10,6,92
0,0,0,10,0,10,92
5,5,5,5,8,8,92
0,5,5,5,5,5,92
5,1,7,1,8,0,92
5,5,6,6,6,6,92
8,8,4,0,0,0,92
2,7,2,7,5,8,92
0,0,8,8,3,3,92
0,5,0,5,5,5,92
0,0,0,6,6,6,92
5,5,5,5,5,5,92
0,4,0,5,6,6,92
5,1,6,2,2,2,92
5,1,6,1,7,7,92
6,1,8,1,9,5,92
7,1,6,5,6,5,92
5,0,2,0,8,0,92
8,8,5,5,0,0,93
0,0,8,0,8,0,93
0,0,0,8,0,9,93
9,9,0,0,0,0,93
0,5,5,5,5,5,93
6,0,5,0,5,0,93
5,5,5,5,5,5,93
0,0,6,0,0,0,93
5,5,5,5,5,5,93
0,0,5,5,5,5,93
5,5,5,5,5,5,93
0,5,0,5,5,5,93
5,5,5,5,5,5,93
0,5,0,5,0,5,93
5,5,5,5,5,5,93
5,5,5,5,5,5,93
5,5,5,5,5,5,93
0,0,0,8,0,0,93
8,0,8,0,8,0,93
9,9,2,2,1,1,94
1,1,6,2,9,5,94
1,2,0,8,3,9,94
10,10,2,2,1,1,94
5,7,6,8,8,6,94
8,1,9,1,9,2,94
2,1,5,4,6,5,94
2,1,8,9,1,2,94
3,5,2,9,8,9,94
1,1,6,5,8,7,94
2,6,2,7,5,8,94
2,8,8,6,7,4,94
5,6,3,8,5,7,94
1,9,0,9,3,8,94
5,4,7,8,8,6,94
7,5,9,5,8,8,94
8,6,7,5,7,9,94
1,1,4,8,4,4,94
9,1,7,0,8,2,94
5,5,5,5,5,5,95
5,5,7,5,7,6,95
0,0,2,8,5,5,95
5,5,5,5,0,0,95
5,8,3,8,5,5,95
8,0,10,0,8,8,95
4,0,8,1,9,7,95
0,7,0,7,4,7,95
0,7,0,9,9,9,95
4,7,1,5,0,0,95
0,8,0,8,8,8,95
9,9,0,8,0,8,95
8,5,10,5,7,7,95
5,5,5,8,8,8,95
8,0,9,0,5,5,95
9,0,5,0,7,5,95
8,0,8,0,9,9,95
0,0,5,4,0,0,95
1,0,0,5,4,5,95
5,5,5,5,5,5,96
5,0,10,0,10,5,96
5,7,0,10,5,5,96
10,10,5,5,1,1,96
0,9,5,10,8,8,96
5,2,10,1,9,5,96
5,5,5,5,5,5,96
0,0,9,2,2,0,96
0,9,0,9,9,10,96
1,1,5,5,5,4,96
1,8,0,9,9,9,96
0,0,0,9,0,5,96
5,5,5,5,5,5,96
0,8,0,10,1,10,96
5,5,8,5,5,8,96
1,1,9,1,9,3,96
7,2,9,1,8,6,96
0,0,5,1,0,1,96
0,5,2,10,5,9,96
5,10,5,2,2,4,97
7,2,4,0,10,9,97
2,7,0,10,8,9,97
10,9,8,7,6,5,97
8,7,7,3,7,5,97
5,1,9,3,9,7,97
2,1,8,2,7,5,97
5,6,3,2,8,2,97
0,5,1,9,7,10,97
9,8,7,6,5,4,97
0,4,2,7,7,9,97
5,6,7,8,3,4,97
0,0,0,10,0,10,97
1,3,3,9,8,7,97
0,0,0,9,9,7,97
6,4,8,2,9,4,97
3,1,7,3,9,8,97
1,5,2,8,7,9,97
2,3,1,8,7,6,97
10,10,5,5,0,0,98
0,0,10,0,5,5,98
0,0,0,10,0,5,98
10,10,3,3,0,0,98
8,8,6,7,0,3,98
5,0,9,0,7,1,98
3,3,4,5,10,10,98
0,0,9,0,0,0,98
0,5,0,9,4,9,98
0,0,10,10,8,8,98
5,5,5,9,4,10,98
5,3,10,5,5,5,98
4,4,1,1,10,9,98
0,5,0,10,0,8,98
5,3,9,5,8,3,98
4,5,9,8,9,8,98
5,5,9,0,5,5,98
4,4,5,5,1,0,98
5,6,5,8,5,5,98
9,9,5,5,0,0,99
5,0,10,0,10,5,99
0,1,0,10,1,10,99
10,10,2,2,0,0,99
8,8,8,8,8,8,99
8,1,9,9,9,1,99
9,8,9,9,9,9,99
1,9,0,7,8,7,99
8,8,8,10,9,10,99
0,0,0,5,10,2,99
8,8,8,5,5,4,99
0,9,1,5,5,5,99
8,8,8,8,8,8,99
0,8,8,9,1,9,99
8,8,8,8,8,8,99
8,8,8,8,8,8,99
8,9,9,8,7,8,99
0,0,0,9,9,1,99
9,0,5,0,9,0,99
5,5,5,5,4,5,100
7,7,10,3,5,5,100
0,0,3,10,0,10,100
0,0,10,10,0,0,100
0,8,2,10,10,2,100
10,5,0,0,5,10,100
10,3,0,0,0,10,100
0,0,10,10,2,0,100
10,10,0,0,10,0,100
0,0,10,10,2,0,100
3,10,3,0,10,0,100
0,5,3,8,3,3,100
8,10,0,0,10,5,100
5,5,0,0,10,4,100
8,0,10,10,0,0,100
10,0,2,3,3,10,100
10,0,0,0,0,10,100
0,0,10,10,2,0,100
0,0,0,0,10,0,100
10,10,0,0,0,0,101
0,0,10,0,10,10,101
0,0,0,10,5,10,101
10,10,5,5,0,0,101
5,8,0,5,10,10,101
6,0,10,0,10,0,101
5,2,5,5,8,3,101
0,0,10,3,0,0,101
9,7,4,10,7,10,101
0,0,10,10,7,8,101
4,4,5,9,2,5,101
0,6,10,4,5,10,101
6,4,7,10,7,10,101
0,10,0,10,5,10,101
6,7,5,2,0,0,101
7,6,10,6,10,7,101
3,5,9,5,5,7,101
0,0,0,10,1,0,101
10,10,10,1,10,3,101
5,5,1,1,1,1,102
0,0,5,3,5,3,102
0,0,0,8,0,8,102
10,10,5,5,5,5,102
8,8,2,8,9,2,102
2,2,8,8,9,9,102
5,5,5,5,5,5,102
1,1,2,8,1,5,102
5,5,9,0,9,0,102
5,5,5,5,8,8,102
9,3,6,8,7,6,102
9,3,8,8,5,5,102
5,5,5,5,5,5,102
8,8,9,1,5,1,102
8,7,7,5,6,5,102
9,9,8,5,9,9,102
5,5,1,8,7,9,102
7,3,8,2,8,2,102
8,5,10,5,5,5,102
10,10,0,0,0,0,103
0,0,10,0,10,0,103
0,0,0,10,0,10,103
10,10,0,0,0,0,103
0,0,0,10,0,0,103
0,0,10,0,0,0,103
0,0,5,5,5,5,103
0,0,10,0,0,10,103
0,0,5,5,0,5,103
0,0,0,0,0,10,103
0,0,0,0,10,0,103
0,0,0,0,10,10,103
0,0,0,10,0,10,103
5,5,0,10,0,10,103
0,0,5,5,5,0,103
5,5,0,5,0,5,103
0,0,10,0,0,0,103
0,0,0,10,0,0,103
5,0,5,0,0,0,103
6,6,2,2,0,0,104
2,0,9,0,9,6,104
0,4,0,9,1,9,104
9,9,6,6,1,1,104
3,6,5,6,4,6,104
5,3,9,5,9,6,104
6,2,9,2,9,8,104
2,2,5,5,4,4,104
1,6,4,9,4,9,104
1,4,1,4,9,9,104
4,6,4,6,7,8,104
5,6,6,8,2,1,104
5,5,6,8,8,8,104
2,6,6,9,6,9,104
4,2,5,5,4,5,104
8,6,9,7,9,7,104
5,3,9,3,9,7,104
1,1,8,7,3,3,104
9,1,9,1,8,1,104
8,5,5,4,0,0,105
6,2,8,3,7,7,105
0,4,2,9,5,8,105
4,6,3,7,5,5,105
6,7,5,5,6,6,105
6,2,8,1,8,6,105
4,5,5,5,5,5,105
3,3,3,4,4,5,105
8,9,7,1,5,1,105
1,1,1,2,8,8,105
3,4,2,7,5,8,105
6,1,5,7,6,5,105
5,5,5,5,5,5,105
1,4,1,8,5,9,105
5,4,5,5,7,4,105
5,8,1,7,1,4,105
6,8,2,7,3,6,105
5,5,6,5,4,5,105
3,8,6,2,8,2,105
10,10,5,5,0,0,106
0,0,5,5,5,5,106
5,5,0,5,0,5,106
10,10,5,5,2,2,106
6,7,7,2,7,2,106
8,6,6,4,6,6,106
9,9,9,9,10,10,106
0,0,6,2,5,3,106
10,7,10,3,4,3,106
0,0,5,5,10,10,106
5,7,8,7,8,3,106
2,2,2,2,9,9,106
10,10,10,10,5,5,106
5,5,5,5,10,10,106
7,7,5,5,10,10,106
7,10,3,0,3,7,106
7,10,3,10,3,4,106
0,0,3,5,3,5,106
10,0,10,0,8,7,106
7,7,0,0,0,0,107
0,0,7,0,7,0,107
0,0,0,7,0,7,107
7,7,0,0,0,0,107
5,5,5,5,5,5,107
5,0,7,0,7,0,107
6,5,5,5,5,5,107
0,0,7,0,0,0,107
5,5,5,5,5,5,107
0,0,0,7,7,7,107
5,5,5,5,5,5,107
0,0,0,5,5,5,107
5,5,5,5,5,5,107
0,5,0,7,0,7,107
5,5,5,5,5,5,107
5,5,5,5,5,5,107
5,5,5,5,5,5,107
0,0,0,10,0,0,107
7,0,7,0,7,0,107
5,5,5,5,5,5,108
5,5,5,5,5,5,108
10,10,10,10,10,10,108
2,1,1,1,0,0,108
7,7,7,7,7,7,108
5,5,6,5,5,4,108
2,0,5,5,2,2,108
3,1,4,3,1,1,108
2,1,8,1,0,2,108
6,7,6,7,6,5,108
7,7,7,7,7,7,108
10,10,10,10,10,10,108
1,1,1,1,1,1,108
7,7,7,7,7,7,108
7,7,7,7,7,7,108
4,3,2,5,5,1,108
2,2,5,9,3,4,108
4,5,3,7,5,2,108
4,6,6,4,4,5,108
8,8,2,2,0,0,109
0,0,7,2,0,0,109
0,0,0,8,0,8,109
9,9,0,0,0,0,109
0,5,5,5,5,5,109
8,0,8,0,8,0,109
4,4,7,7,6,6,109
0,0,10,0,0,0,109
3,5,3,5,6,5,109
0,0,0,0,8,8,109
3,5,3,6,8,5,109
0,5,0,6,5,6,109
4,4,5,5,6,6,109
0,8,0,8,0,8,109
5,5,5,5,5,5,109
6,3,7,3,6,6,109
5,3,7,3,7,5,109
0,0,0,10,0,0,109
10,0,0,0,0,0,109
8,8,0,0,0,0,110
5,5,5,5,5,5,110
0,5,0,8,5,8,110
9,9,6,6,1,1,110
9,8,6,7,7,7,110
5,5,9,5,9,5,110
7,5,7,5,5,5,110
1,1,8,8,3,3,110
8,6,8,7,5,5,110
0,0,8,8,9,9,110
9,9,3,6,8,8,110
4,4,5,6,9,9,110
6,6,6,5,7,5,110
1,6,1,10,6,10,110
7,8,8,7,3,3,110
0,6,6,5,6,6,110
0,8,4,9,4,5,110
5,8,5,9,4,1,110
10,0,10,0,0,0,110
10,10,5,5,0,0,111
5,0,10,0,10,5,111
0,5,0,5,5,10,111
10,10,5,5,0,0,111
0,10,10,10,5,5,111
5,0,10,0,10,5,111
5,5,10,5,5,5,111
0,0,5,0,0,0,111
0,5,0,10,5,10,111
0,0,5,5,10,10,111
0,5,0,10,5,10,111
10,5,5,10,0,5,111
10,10,5,5,10,10,111
0,5,0,10,0,10,111
5,0,10,0,10,5,111
5,0,10,0,10,5,111
5,0,10,0,10,5,111
5,5,5,5,0,0,111
5,5,5,10,0,5,111
10,9,7,6,4,2,112
10,0,5,3,1,0,112
10,8,1,7,8,5,112
10,9,6,7,4,3,112
10,2,7,3,2,9,112
8,10,1,3,4,6,112
2,2,8,8,4,4,112
10,9,3,4,1,2,112
10,9,7,7,3,0,112
5,7,9,10,6,4,112
8,10,8,5,4,3,112
3,2,8,9,10,9,112
10,9,1,2,4,9,112
8,10,8,7,4,5,112
10,9,2,2,7,8,112
1,4,0,1,10,9,112
10,7,8,8,9,9,112
9,10,8,8,3,0,112
9,10,7,8,3,3,112
8,7,5,5,2,2,113
5,1,7,1,9,6,113
0,0,0,8,5,8,113
9,9,3,3,2,2,113
2,2,8,2,8,2,113
3,2,9,1,9,5,113
4,2,8,2,9,6,113
2,1,9,1,1,1,113
2,2,2,2,9,3,113
2,1,0,2,9,2,113
1,1,1,2,9,7,113
4,2,2,1,8,2,113
3,5,4,9,3,9,113
1,3,1,9,3,9,113
2,1,1,8,1,7,113
2,4,2,2,2,9,113
2,3,2,2,2,9,113
2,2,2,9,5,3,113
2,5,2,2,2,2,113
10,10,5,5,0,0,114
5,0,9,2,10,4,114
0,0,0,8,2,9,114
10,10,5,4,1,1,114
0,2,3,7,2,5,114
1,2,8,2,10,6,114
0,0,4,4,9,8,114
5,7,2,5,0,2,114
0,0,3,10,2,8,114
10,10,3,2,2,1,114
0,5,0,9,3,10,114
0,0,1,10,2,5,114
2,2,4,4,10,10,114
0,0,5,10,5,10,114
0,0,8,1,7,2,114
3,0,8,3,7,2,114
2,2,9,3,8,2,114
10,5,8,0,4,0,114
10,2,10,0,9,0,114
7,7,5,5,2,2,115
0,0,7,0,8,8,115
0,0,0,5,0,5,115
10,10,1,1,1,1,115
2,2,5,5,5,2,115
2,2,5,2,8,3,115
2,2,5,5,5,5,115
0,0,5,6,2,1,115
7,5,7,8,5,7,115
0,0,0,0,10,10,115
2,5,3,6,5,5,115
5,5,0,0,8,8,115
9,9,4,4,1,1,115
5,5,5,3,5,5,115
3,3,7,7,7,7,115
5,5,5,5,5,3,115
3,4,4,5,7,5,115
2,2,1,2,2,2,115
9,0,10,0,0,0,115
10,10,5,5,0,0,116
4,0,10,0,10,3,116
0,0,0,10,5,6,116
10,10,5,5,0,0,116
3,0,3,7,2,7,116
5,0,10,0,10,5,116
5,1,7,6,2,5,116
0,1,3,7,0,0,116
0,3,0,10,4,10,116
1,5,8,8,0,0,116
0,3,0,8,5,8,116
0,5,9,9,1,5,116
0,5,0,7,6,7,116
0,5,0,10,5,10,116
2,3,0,8,6,5,116
6,0,8,1,8,4,116
8,0,10,0,10,7,116
8,8,4,0,0,0,116
3,6,2,0,0,0,116
9,10,2,3,0,0,117
0,0,8,0,10,5,117
0,0,0,0,0,10,117
10,10,7,7,0,0,117
0,7,6,5,8,5,117
7,0,8,0,9,5,117
2,2,6,6,7,7,117
0,0,10,2,0,1,117
0,5,6,8,5,7,117
0,0,0,8,10,10,117
0,8,0,5,9,7,117
0,0,0,10,0,10,117
5,5,5,5,5,5,117
0,8,0,8,2,8,117
8,1,8,8,8,8,117
8,0,9,8,4,10,117
4,0,7,0,8,9,117
0,0,1,10,1,0,117
10,0,10,0,7,0,117
7,7,0,0,0,0,118
0,0,7,0,7,0,118
0,0,0,7,0,7,118
7,7,0,0,0,0,118
5,5,6,6,4,5,118
5,0,6,0,6,0,118
4,4,5,5,5,5,118
0,0,10,0,0,0,118
1,5,0,7,2,7,118
0,0,0,0,8,8,118
2,4,2,6,4,5,118
0,7,0,7,7,7,118
4,4,5,5,5,5,118
0,5,0,7,0,7,118
4,0,6,4,5,4,118
4,2,6,0,6,4,118
4,2,6,2,6,4,118
0,0,0,10,0,0,118
6,0,6,0,0,0,118
0,0,5,5,7,7,119
5,0,9,0,9,5,119
2,8,0,10,3,7,119
9,9,5,5,1,1,119
2,3,4,5,6,8,119
2,1,4,3,9,8,119
2,2,5,5,6,6,119
4,4,6,4,2,2,119
2,3,4,5,7,9,119
0,0,2,2,9,9,119
5,5,6,8,7,9,119
1,2,5,4,5,5,119
5,5,6,6,7,7,119
3,5,1,9,8,10,119
4,4,6,6,9,9,119
3,2,5,4,7,6,119
6,2,9,3,9,5,119
0,0,3,1,7,8,119
9,3,9,0,7,0,119
5,5,0,0,0,0,120
0,0,5,0,5,0,120
0,0,0,5,0,5,120
7,7,5,0,0,0,120
2,2,5,2,2,2,120
6,0,7,0,7,0,120
2,0,6,0,8,0,120
5,5,5,0,0,0,120
2,2,1,5,5,5,120
0,0,0,5,5,5,120
1,1,1,1,1,5,120
0,5,0,5,0,0,120
0,3,0,5,0,6,120
0,4,0,5,0,5,120
2,2,5,5,5,5,120
4,4,6,2,7,3,120
5,2,7,1,3,2,120
0,0,0,5,0,0,120
10,0,0,0,0,0,120
5,5,0,0,0,0,121
0,0,5,0,5,0,121
0,0,0,5,0,5,121
10,10,0,0,0,0,121
0,9,9,9,9,9,121
9,0,9,0,9,0,121
9,9,9,9,9,9,121
0,0,10,0,0,0,121
0,9,0,9,9,9,121
0,0,0,10,0,0,121
0,9,0,9,9,9,121
5,0,0,5,0,5,121
5,5,5,5,5,5,121
0,9,0,9,0,9,121
5,0,9,9,9,9,121
9,0,9,0,0,9,121
9,0,9,0,9,9,121
0,0,0,10,0,0,121
0,0,0,0,10,0,121
9,9,5,5,0,0,122
0,0,9,0,9,8,122
0,0,0,8,5,9,122
10,10,5,5,0,0,122
3,7,5,7,7,7,122
5,0,8,0,8,0,122
3,3,6,6,9,9,122
0,0,5,0,0,0,122
5,5,6,6,6,8,122
0,0,0,8,9,9,122
5,8,5,8,8,8,122
0,2,0,5,6,8,122
3,3,5,5,8,8,122
0,6,0,8,0,8,122
5,0,7,5,5,5,122
8,5,8,5,8,8,122
7,4,6,5,7,7,122
0,0,0,10,0,0,122
7,0,9,0,8,8,122
10,10,5,5,0,0,123
0,0,5,0,10,0,123
0,0,0,5,0,10,123
10,10,0,0,0,0,123
3,8,7,9,7,3,123
8,2,9,2,10,4,123
5,5,8,8,9,7,123
0,0,8,0,0,0,123
7,8,5,9,7,8,123
0,0,0,8,6,7,123
0,0,0,8,0,9,123
0,6,0,7,7,8,123
5,5,5,5,5,5,123
0,7,0,9,0,10,123
5,4,7,5,7,7,123
7,8,9,7,9,10,123
8,7,10,7,9,9,123
10,10,0,10,0,0,123
8,0,5,0,0,0,123
8,8,2,2,0,0,124
0,0,8,2,8,6,124
0,10,0,9,0,9,124
10,10,0,0,0,0,124
5,8,6,7,7,7,124
8,0,8,0,8,2,124
5,5,5,5,5,5,124
10,10,10,10,2,2,124
8,8,8,8,8,8,124
0,0,0,8,8,8,124
8,8,8,8,8,8,124
0,8,5,5,8,5,124
5,5,5,5,5,5,124
0,8,0,8,2,8,124
5,5,5,5,5,5,124
5,10,5,6,6,6,124
8,8,8,8,8,8,124
0,0,8,8,2,1,124
9,0,8,0,0,0,124
5,5,0,0,0,0,125
0,0,5,0,8,5,125
0,0,0,4,0,7,125
10,10,2,2,0,0,125
2,7,6,5,7,3,125
9,2,8,1,9,4,125
5,2,7,3,7,4,125
0,0,6,4,2,0,125
6,8,6,8,5,9,125
0,0,0,7,5,8,125
5,6,6,9,6,9,125
1,1,0,6,5,7,125
2,2,5,5,5,5,125
0,7,0,7,3,8,125
6,5,7,7,8,6,125
10,0,8,5,7,8,125
9,9,8,8,9,7,125
0,0,7,7,0,0,125
8,9,7,0,7,0,125
8,8,6,6,3,3,126
6,2,9,2,9,6,126
2,6,2,9,6,9,126
7,8,7,6,4,4,126
3,3,8,8,8,6,126
7,4,8,2,8,8,126
7,3,5,3,5,3,126
4,2,9,3,6,2,126
2,7,2,5,8,8,126
3,3,3,2,8,8,126
7,4,7,2,4,4,126
8,6,8,3,3,3,126
4,6,2,8,6,8,126
2,5,2,8,6,8,126
5,6,7,6,7,6,126
8,7,8,5,5,7,126
9,4,3,1,6,9,126
4,6,7,5,2,2,126
9,6,9,2,1,2,126
5,5,0,0,0,0,127
0,0,5,0,5,0,127
0,0,0,5,0,5,127
5,5,0,0,0,0,127
5,5,0,5,0,5,127
0,0,5,0,5,0,127
5,5,5,5,5,5,127
0,0,5,0,0,0,127
0,0,0,5,0,5,127
0,0,5,0,0,5,127
0,0,0,5,0,5,127
5,5,5,5,5,5,127
5,5,5,5,5,5,127
0,5,0,5,0,5,127
0,0,5,5,5,5,127
5,5,5,5,5,5,127
0,0,5,0,5,0,127
0,0,0,0,0,0,127
0,5,0,0,5,0,127
8,8,5,5,2,2,128
6,2,8,2,8,5,128
0,0,0,9,0,9,128
10,10,5,5,0,0,128
3,5,1,2,3,5,128
5,3,10,3,10,5,128
3,3,3,3,5,5,128
2,2,7,7,9,3,128
7,6,8,8,7,8,128
0,0,5,5,8,8,128
5,5,8,8,6,6,128
5,5,5,5,10,10,128
3,3,5,5,7,7,128
2,5,3,9,3,8,128
6,6,8,7,7,8,128
2,8,5,5,4,5,128
5,7,7,8,8,6,128
3,3,5,7,2,3,128
0,0,0,0,0,10,128
5,5,5,5,5,5,129
4,4,7,4,8,4,129
4,4,4,7,3,7,129
8,8,3,3,3,3,129
4,4,5,8,4,8,129
2,3,8,2,8,1,129
6,6,7,4,7,4,129
9,9,5,2,5,1,129
5,5,6,3,5,2,129
8,8,2,3,2,2,129
5,5,6,4,6,2,129
7,7,5,5,6,6,129
5,5,7,7,8,8,129
2,2,2,8,2,9,129
5,5,7,5,6,6,129
5,5,4,8,6,8,129
5,5,8,3,9,2,129
2,2,6,6,8,6,129
6,6,2,8,2,9,129
8,8,2,2,0,0,130
0,0,8,0,8,2,130
0,0,0,8,0,8,130
8,8,0,0,0,0,130
3,6,5,5,5,5,130
5,0,7,0,7,0,130
5,5,7,7,7,7,130
0,0,10,0,0,0,130
5,5,5,7,7,7,130
0,0,0,0,10,7,130
5,5,5,5,5,5,130
0,5,0,5,5,5,130
4,4,5,5,5,5,130
0,5,0,7,0,7,130
5,5,5,5,5,5,130
5,5,5,5,5,5,130
5,5,0,5,7,7,130
0,0,0,8,3,0,130
0,0,7,0,8,0,130
6,6,5,5,5,5,131
2,2,7,5,7,5,131
2,2,0,8,0,7,131
9,9,4,4,1,1,131
5,5,5,5,8,8,131
5,4,8,4,8,6,131
5,5,6,6,8,8,131
5,5,8,2,2,2,131
5,5,6,7,7,7,131
2,2,5,5,8,8,131
6,6,6,8,8,8,131
4,4,5,5,8,8,131
5,5,5,5,7,7,131
3,6,2,9,2,8,131
7,7,8,6,8,8,131
6,6,8,8,8,8,131
8,5,8,6,8,8,131
2,2,4,9,1,1,131
7,2,7,0,6,0,131
0,0,5,6,8,8,132
8,9,5,8,7,7,132
2,2,2,8,5,9,132
10,10,7,8,0,0,132
5,5,1,8,0,5,132
6,0,10,0,10,6,132
5,5,4,3,8,8,132
10,10,8,9,3,2,132
0,5,3,10,7,8,132
10,10,3,3,0,0,132
2,5,2,8,7,9,132
10,7,2,2,2,2,132
3,5,3,8,5,7,132
0,5,0,10,5,10,132
7,5,7,2,7,3,132
8,7,8,3,8,7,132
8,8,10,6,8,6,132
10,10,5,5,0,0,132
8,9,3,10,8,10,132
10,10,5,5,0,0,133
0,0,8,5,9,9,133
0,0,0,10,0,10,133
8,8,0,0,0,0,133
5,6,7,7,7,8,133
6,3,7,2,8,5,133
7,7,10,10,10,10,133
0,0,9,0,0,0,133
7,8,4,8,7,8,133
0,0,0,8,8,6,133
5,5,5,6,5,5,133
0,9,0,9,9,10,133
5,5,5,5,5,5,133
0,9,0,10,1,10,133
6,8,5,9,9,9,133
8,8,8,8,8,8,133
8,3,5,5,4,5,133
0,0,0,10,0,0,133
7,0,7,0,9,0,133
8,8,5,5,0,0,134
4,0,8,2,9,5,134
0,2,1,8,4,9,134
9,9,5,5,1,1,134
0,7,0,8,1,8,134
6,2,5,1,6,3,134
8,7,7,4,5,4,134
5,6,9,6,5,4,134
8,5,8,8,5,8,134
0,0,5,5,8,8,134
5,7,4,5,5,5,134
2,5,3,5,4,3,134
7,7,7,7,4,4,134
2,4,0,7,4,8,134
6,4,8,6,5,4,134
8,1,8,0,6,2,134
8,6,8,5,5,4,134
0,0,0,10,0,0,134
9,7,6,0,5,0,134
10,10,5,5,0,0,135
0,0,10,0,10,5,135
0,0,0,10,0,10,135
10,10,0,0,0,0,135
5,5,5,5,5,5,135
10,0,10,0,10,0,135
5,5,5,5,5,5,135
10,10,5,5,0,0,135
5,10,5,10,10,10,135
5,10,5,5,5,5,135
10,10,10,10,10,10,135
5,5,5,5,5,5,135
5,5,5,5,5,5,135
0,5,0,10,0,10,135
5,5,5,5,5,5,135
5,5,5,5,5,5,135
5,0,10,0,10,5,135
0,0,0,10,0,0,135
10,10,10,0,10,0,135
10,9,5,5,0,0,136
5,0,10,0,10,5,136
0,5,0,10,0,10,136
10,10,0,0,0,0,136
10,0,0,10,0,0,136
3,4,7,8,2,5,136
0,0,0,5,0,10,136
0,0,0,0,10,10,136
0,10,0,10,0,10,136
0,0,5,5,10,10,136
3,7,1,4,2,7,136
5,5,0,0,5,0,136
5,5,5,10,10,10,136
0,5,5,10,10,0,136
3,5,6,8,5,0,136
7,0,4,4,0,5,136
2,8,3,7,1,3,136
0,0,0,5,5,5,136
10,10,10,0,5,0,136
5,5,3,3,2,2,137
1,0,6,2,8,5,137
1,3,0,9,2,9,137
8,8,4,5,1,1,137
1,3,3,8,3,7,137
4,1,8,1,8,5,137
3,3,6,5,6,5,137
1,1,5,4,2,2,137
2,5,1,8,4,7,137
2,3,4,5,5,4,137
2,5,2,8,5,7,137
1,2,2,5,2,5,137
2,4,2,7,5,8,137
2,4,2,8,5,8,137
5,1,6,4,7,3,137
4,2,8,1,7,4,137
5,2,8,2,7,5,137
3,1,5,4,6,4,137
5,4,5,1,6,1,137
6,3,5,6,3,4,138
4,1,9,1,9,4,138
1,5,1,9,5,9,138
9,9,6,6,1,1,138
6,5,7,7,5,6,138
7,1,9,1,9,5,138
7,4,9,3,7,6,138
8,8,7,8,3,3,138
2,6,2,9,7,9,138
2,4,1,8,2,8,138
2,6,1,8,8,8,138
2,3,2,7,7,6,138
1,6,2,7,6,8,138
1,6,2,9,7,8,138
5,6,8,5,6,6,138
7,1,8,2,9,8,138
8,7,6,5,6,4,138
3,8,6,6,2,2,138
1,2,2,1,6,2,138
9,9,3,3,0,0,139
0,0,7,0,9,7,139
0,3,0,8,3,10,139
8,8,5,5,2,2,139
1,2,4,5,5,5,139
5,5,5,4,6,7,139
5,5,7,7,8,8,139
0,0,5,8,7,7,139
3,3,5,4,5,5,139
0,0,5,5,8,7,139
2,4,6,5,4,4,139
1,7,7,7,9,8,139
5,5,6,6,7,7,139
5,4,5,5,6,8,139
7,6,5,5,5,5,139
7,2,5,4,7,8,139
8,7,7,6,5,5,139
0,0,8,6,5,5,139
0,0,9,8,7,1,139
9,9,5,5,1,1,140
5,0,7,0,7,5,140
1,0,0,8,2,8,140
8,8,5,5,2,2,140
2,5,5,4,4,5,140
3,3,8,3,8,9,140
2,1,5,5,7,7,140
4,3,4,5,2,3,140
2,5,5,6,5,5,140
1,1,5,7,7,7,140
2,6,2,6,5,6,140
2,2,2,6,3,6,140
4,4,4,4,7,7,140
2,3,5,6,7,7,140
5,1,5,4,6,2,140
5,2,6,2,6,5,140
5,4,6,4,6,4,140
3,3,5,4,3,2,140
8,2,7,2,5,2,140
9,9,3,3,0,0,141
0,0,3,0,8,6,141
0,0,0,7,0,7,141
10,10,3,3,0,0,141
5,5,5,5,5,5,141
0,0,6,0,9,3,141
5,5,5,5,5,5,141
0,0,10,3,3,0,141
5,5,5,5,5,5,141
0,0,0,8,8,8,141
5,5,5,5,5,5,141
0,5,0,5,5,5,141
5,5,5,5,5,5,141
5,5,5,5,5,5,141
5,5,5,5,5,5,141
5,5,5,5,5,5,141
5,5,5,5,5,5,141
0,0,4,9,0,0,141
9,0,9,0,0,0,141
6,6,3,3,0,0,142
0,0,7,1,8,4,142
0,0,0,7,0,7,142
8,8,4,4,0,0,142
5,5,5,5,5,6,142
6,1,6,1,7,5,142
6,6,5,5,6,6,142
0,0,8,5,2,1,142
6,4,5,5,5,5,142
0,0,1,8,8,8,142
5,6,5,6,5,5,142
0,5,0,5,4,4,142
4,4,5,5,6,6,142
3,8,1,7,5,8,142
5,5,5,5,5,5,142
5,5,5,4,6,6,142
6,6,5,5,5,5,142
0,0,1,7,3,2,142
7,0,7,0,7,0,142
7,7,5,5,0,0,143
0,0,7,0,7,4,143
0,0,4,9,5,9,143
8,8,6,6,1,1,143
5,5,5,5,5,5,143
7,2,6,2,5,7,143
5,5,5,5,5,5,143
0,0,6,6,3,3,143
1,6,1,6,5,5,143
0,0,2,7,7,7,143
2,6,5,5,5,5,143
0,8,3,8,8,8,143
5,5,5,5,8,8,143
4,7,7,1,6,5,143
3,5,3,6,6,5,143
6,1,6,1,5,5,143
5,5,5,5,5,5,143
3,3,8,8,0,0,143
8,0,5,0,5,0,143
5,5,0,0,0,0,144
0,0,5,0,5,0,144
0,0,0,5,0,5,144
5,5,0,0,0,0,144
5,5,5,5,5,5,144
5,0,5,0,5,0,144
5,5,5,5,5,5,144
0,0,10,0,0,0,144
5,5,5,5,5,6,144
0,0,0,5,5,5,144
5,5,5,5,5,5,144
0,5,0,5,5,5,144
5,5,5,5,5,5,144
0,5,0,5,0,5,144
5,5,5,5,5,5,144
5,5,5,5,5,5,144
5,5,5,5,5,5,144
0,0,0,10,0,0,144
5,0,5,0,5,0,144
10,10,5,5,0,0,145
5,0,10,0,10,5,145
0,5,0,10,0,10,145
10,10,5,5,0,0,145
5,10,10,9,10,8,145
10,0,10,0,10,5,145
10,10,8,7,10,10,145
0,0,10,5,0,5,145
10,10,5,10,10,10,145
0,0,10,10,10,10,145
0,10,0,10,0,5,145
0,10,10,10,0,7,145
0,5,0,5,10,10,145
0,5,0,10,5,10,145
7,8,6,8,8,10,145
10,10,10,0,10,10,145
5,0,10,0,10,5,145
0,0,8,10,5,0,145
10,0,10,0,10,0,145
8,8,0,0,0,0,146
0,0,8,0,8,0,146
0,0,0,8,0,8,146
8,8,0,0,0,0,146
5,5,5,5,5,5,146
5,0,5,0,5,0,146
5,5,5,5,5,5,146
0,0,10,0,0,0,146
5,5,5,5,5,5,146
0,0,0,0,8,8,146
5,5,5,5,5,5,146
0,5,0,5,5,5,146
5,5,5,5,5,5,146
0,5,0,5,0,5,146
5,5,5,5,5,5,146
5,0,5,0,5,5,146
5,5,5,5,5,5,146
0,5,0,5,0,0,146
5,0,5,0,5,0,146
5,5,0,0,0,0,147
0,0,5,0,5,0,147
0,0,0,5,0,5,147
7,7,0,0,0,0,147
5,5,5,5,5,5,147
6,0,9,0,9,0,147
3,3,6,6,6,6,147
0,0,10,0,0,0,147
0,5,0,5,5,5,147
0,0,0,7,6,6,147
5,5,5,1,5,1,147
0,3,0,7,4,7,147
5,5,5,5,5,5,147
0,3,0,7,0,7,147
5,4,4,6,4,4,147
3,4,6,3,6,6,147
5,3,7,3,7,3,147
0,0,0,10,0,0,147
8,0,8,0,8,0,147
7,7,4,4,0,0,148
1,0,4,1,9,5,148
0,0,0,9,0,8,148
8,8,4,4,0,0,148
5,5,5,5,5,5,148
5,0,8,0,9,1,148
5,5,5,5,6,6,148
0,0,5,2,2,0,148
2,3,1,8,5,8,148
0,0,0,5,5,5,148
4,5,2,9,5,9,148
0,7,0,8,6,8,148
3,3,3,3,7,7,148
0,8,0,9,0,7,148
6,3,5,5,4,2,148
5,4,7,4,7,6,148
6,5,8,2,8,4,148
0,0,2,8,0,3,148
5,0,3,0,6,0,148
10,10,5,5,0,0,149
5,0,5,1,10,8,149
0,0,0,10,0,10,149
10,8,6,7,0,0,149
0,5,5,5,5,0,149
5,0,8,0,7,5,149
5,5,5,5,10,10,149
0,0,5,5,5,0,149
0,5,0,5,5,5,149
5,5,0,5,5,5,149
5,5,0,5,5,5,149
0,0,5,5,0,5,149
10,10,5,5,7,9,149
0,8,0,9,5,7,149
5,0,5,0,5,5,149
10,0,5,0,5,5,149
5,0,5,0,8,5,149
0,0,5,5,0,0,149
0,5,0,5,5,5,149
8,8,5,5,0,0,150
0,0,9,0,8,5,150
0,0,0,8,0,8,150
9,9,0,0,0,0,150
3,3,4,5,4,4,150
7,0,7,0,7,0,150
5,5,5,5,5,5,150
0,0,10,0,0,0,150
3,5,3,4,6,6,150
0,0,0,7,7,7,150
5,5,5,5,5,5,150
0,0,0,0,8,8,150
5,5,5,5,5,5,150
0,8,0,8,0,0,150
5,5,5,5,5,5,150
5,3,5,5,6,5,150
5,5,5,5,5,5,150
0,0,0,10,0,0,150
7,0,7,0,7,0,150
8,8,5,3,4,3,151
0,0,10,0,10,0,151
0,0,0,10,0,0,151
10,10,4,4,3,3,151
5,5,4,6,4,4,151
4,4,7,5,7,7,151
7,5,6,4,5,4,151
5,5,5,5,4,4,151
2,5,4,8,4,8,151
4,5,5,5,3,4,151
4,4,4,6,4,5,151
4,5,4,5,5,5,151
5,5,5,6,7,7,151
4,4,4,6,7,7,151
5,5,5,4,5,4,151
4,4,7,4,6,5,151
5,4,6,4,6,4,151
4,4,4,6,4,4,151
5,4,5,4,5,5,151
5,5,5,5,7,6,152
2,0,9,1,9,5,152
0,0,0,9,2,9,152
10,10,5,5,1,1,152
2,2,1,8,5,7,152
7,1,8,1,8,5,152
5,5,5,3,6,3,152
0,0,7,7,1,0,152
1,2,2,7,5,8,152
8,5,8,2,2,2,152
2,3,3,7,8,7,152
3,3,8,3,9,8,152
2,3,3,4,2,8,152
1,1,1,9,1,10,152
3,1,5,4,7,4,152
4,1,2,1,8,7,152
5,1,10,1,9,5,152
5,5,5,9,4,0,152
8,2,5,1,4,2,152
5,5,0,0,0,0,153
0,0,5,0,5,3,153
0,0,0,5,0,5,153
5,5,0,0,0,0,153
5,5,5,5,5,5,153
5,0,6,0,6,0,153
5,5,5,5,5,5,153
0,0,5,7,0,0,153
4,5,4,6,5,6,153
0,0,5,5,5,5,153
4,5,4,6,4,6,153
4,4,5,5,5,5,153
5,5,5,5,5,5,153
0,5,0,5,0,5,153
5,4,6,4,6,5,153
5,4,6,4,6,5,153
5,5,7,5,7,5,153
0,0,0,10,0,0,153
5,0,5,0,0,0,153
10,10,9,8,0,0,154
0,0,8,0,10,9,154
0,8,0,10,7,9,154
10,9,8,7,0,0,154
0,5,1,6,8,7,154
7,0,9,0,10,8,154
7,5,10,6,8,9,154
10,9,7,8,0,1,154
0,5,0,10,8,9,154
9,10,8,5,0,0,154
5,8,5,6,7,9,154
5,6,8,7,9,10,154
0,1,5,6,8,9,154
5,7,1,10,8,9,154
7,10,9,1,5,0,154
8,1,10,0,9,5,154
7,0,10,1,9,8,154
10,9,7,8,0,1,154
0,8,1,10,7,9,154
10,10,10,10,10,10,155
7,5,6,5,4,8,155
3,2,2,1,1,2,155
10,10,10,10,0,0,155
6,7,7,7,5,7,155
6,4,5,7,4,5,155
0,0,3,5,10,10,155
10,10,7,0,10,9,155
8,7,3,7,8,7,155
5,5,3,9,9,2,155
5,6,8,7,5,4,155
6,9,7,5,7,8,155
5,4,5,6,0,0,155
1,4,2,10,3,7,155
2,3,8,7,10,10,155
5,5,1,7,2,4,155
9,9,1,1,8,8,155
4,6,7,7,3,6,155
7,9,4,7,6,7,155
0,0,5,5,6,6,156
5,1,8,3,8,5,156
1,4,1,10,4,7,156
7,8,2,2,0,0,156
6,3,6,3,7,4,156
5,1,8,3,7,3,156
3,3,4,4,5,5,156
4,1,7,2,2,2,156
5,1,6,2,4,5,156
2,7,2,8,2,4,156
4,6,4,6,7,5,156
4,2,6,2,3,7,156
4,4,4,5,4,6,156
4,4,4,5,6,7,156
2,2,2,5,2,7,156
3,7,3,7,2,6,156
3,5,2,6,4,5,156
2,0,1,8,5,8,156
4,4,3,1,6,2,156
5,5,0,0,0,0,157
0,0,5,0,5,0,157
0,0,0,5,0,5,157
5,5,0,0,0,0,157
5,5,5,5,5,5,157
5,0,5,0,5,0,157
5,5,5,5,5,5,157
0,0,10,0,0,0,157
5,5,5,5,5,5,157
0,0,0,5,5,5,157
5,5,5,5,5,5,157
0,5,0,5,5,5,157
5,5,5,5,5,5,157
0,5,0,5,0,5,157
5,0,5,5,5,5,157
5,5,5,5,5,5,157
5,5,5,5,5,5,157
0,0,0,10,0,0,157
5,5,5,0,5,0,157
9,9,3,3,0,0,158
3,0,9,0,8,0,158
0,5,0,9,0,7,158
8,8,0,0,0,0,158
5,5,5,5,5,5,158
0,0,8,0,8,0,158
5,5,5,5,5,5,158
5,7,5,0,2,1,158
5,5,5,7,5,7,158
5,5,5,5,7,7,158
5,5,5,4,5,5,158
5,5,5,5,5,5,158
5,5,5,5,5,5,158
0,7,0,9,0,9,158
7,0,7,5,0,5,158
6,6,4,7,6,5,158
5,5,7,5,7,4,158
0,0,0,10,0,0,158
8,0,8,0,4,0,158
10,10,5,5,0,0,159
0,0,5,1,7,5,159
0,0,0,8,0,5,159
9,9,2,2,0,0,159
5,5,5,8,5,5,159
5,2,8,2,8,5,159
5,5,5,5,5,5,159
0,0,10,2,2,2,159
5,5,5,5,5,5,159
0,0,0,5,5,10,159
5,6,5,5,5,4,159
0,0,0,0,5,5,159
5,5,5,5,5,5,159
2,10,2,5,4,5,159
0,0,5,5,5,5,159
5,5,5,5,5,5,159
5,5,8,10,8,8,159
0,0,0,10,0,6,159
5,0,5,0,5,0,159
10,10,8,7,0,0,160
0,0,10,0,10,3,160
0,0,0,10,0,10,160
10,10,0,0,0,0,160
5,8,5,7,8,10,160
9,2,8,0,3,4,160
5,4,7,1,5,6,160
0,0,10,0,0,0,160
5,5,6,5,6,7,160
0,0,5,4,8,8,160
5,5,4,10,5,7,160
0,0,0,10,9,7,160
5,5,7,5,6,10,160
0,10,0,10,0,10,160
9,5,6,5,10,5,160
9,7,10,5,5,5,160
10,5,10,5,10,5,160
0,0,0,5,0,5,160
10,10,10,0,10,0,160
8,8,2,2,2,2,161
5,0,9,9,9,6,161
0,4,0,9,7,9,161
10,10,7,7,0,0,161
5,1,3,8,2,5,161
8,0,10,0,8,8,161
6,6,6,6,8,8,161
8,8,5,4,2,2,161
1,7,1,9,6,9,161
8,8,5,5,2,2,161
0,9,0,10,2,2,161
2,5,2,5,5,5,161
1,1,4,4,8,8,161
0,8,0,9,8,9,161
10,0,0,0,0,7,161
7,0,10,0,7,0,161
5,1,9,1,9,8,161
8,8,6,4,1,1,161
10,5,10,1,6,1,161
5,4,3,0,5,6,162
0,5,10,5,3,4,162
1,6,8,6,5,3,162
5,5,1,4,8,8,162
4,7,4,6,5,5,162
5,6,0,5,4,8,162
10,4,4,7,7,9,162
6,5,6,4,3,7,162
6,3,9,6,3,2,162
5,6,5,5,7,4,162
5,5,2,7,3,6,162
7,8,7,4,5,5,162
0,1,6,8,7,8,162
5,6,4,5,6,5,162
4,8,3,6,3,6,162
6,4,10,2,4,7,162
6,6,2,7,7,4,162
7,4,3,6,2,9,162
7,6,10,4,2,0,162
10,10,5,5,1,0,163
5,5,8,5,9,8,163
2,5,2,9,5,9,163
9,9,5,5,3,3,163
8,5,7,1,2,5,163
9,5,9,5,9,8,163
8,2,8,2,9,7,163
9,8,8,1,8,5,163
5,8,2,9,8,8,163
9,10,7,8,5,5,163
4,3,3,9,1,10,163
8,9,7,9,5,7,163
0,5,0,9,8,8,163
3,9,3,8,8,8,163
5,3,9,2,9,8,163
5,3,8,5,9,9,163
2,2,3,1,9,7,163
5,4,2,9,2,0,163
5,8,8,3,8,2,163
7,7,2,2,2,2,164
2,2,7,2,7,2,164
1,3,1,7,5,9,164
8,8,1,1,1,1,164
3,4,7,3,7,6,164
5,2,8,0,7,5,164
8,7,8,4,8,5,164
0,0,9,2,2,2,164
9,8,9,2,8,0,164
0,0,6,6,6,6,164
2,2,9,6,7,5,164
0,0,8,6,8,5,164
4,4,5,5,5,5,164
5,4,5,8,2,8,164
5,7,2,5,2,5,164
0,0,5,10,5,9,164
5,9,3,9,3,4,164
2,2,2,9,2,5,164
8,5,8,5,6,6,164
8,8,3,3,0,0,165
0,0,6,3,8,5,165
0,0,0,9,0,7,165
10,10,5,5,0,0,165
1,5,1,10,3,8,165
4,0,5,0,5,1,165
3,3,3,3,9,9,165
0,0,10,1,0,0,165
2,3,2,4,2,6,165
0,0,3,0,4,4,165
2,2,2,6,3,6,165
0,7,0,7,7,7,165
2,2,6,6,10,10,165
0,5,1,8,3,10,165
2,2,6,1,7,5,165
5,2,6,4,6,6,165
4,3,4,3,6,6,165
0,0,2,7,0,0,165
7,0,7,0,8,0,165
8,8,5,5,0,0,166
5,0,7,0,7,5,166
0,5,0,8,4,9,166
10,10,10,10,10,10,166
5,5,5,5,5,5,166
5,3,9,4,9,6,166
7,6,7,4,9,7,166
5,5,5,5,5,5,166
3,6,3,7,5,5,166
5,5,5,5,5,5,166
5,5,5,5,5,5,166
5,5,5,5,5,5,166
10,10,10,10,10,10,166
5,5,5,5,5,5,166
5,5,5,5,5,5,166
5,5,5,5,5,5,166
8,5,8,5,8,6,166
5,5,5,5,5,5,166
5,5,5,5,5,5,166
5,5,0,0,0,0,167
0,0,5,0,5,0,167
1,1,0,8,0,8,167
5,5,0,0,0,0,167
5,5,5,0,0,0,167
5,5,5,5,0,0,167
5,5,0,0,0,0,167
0,0,5,0,5,0,167
0,0,5,0,5,5,167
0,0,5,5,5,5,167
0,0,5,3,0,0,167
5,0,5,0,5,5,167
5,5,0,0,0,0,167
5,5,0,5,0,0,167
5,5,0,5,0,0,167
0,0,5,5,0,0,167
0,0,0,0,10,0,167
0,0,0,5,0,0,167
0,0,0,0,4,5,167
8,8,5,5,0,0,168
5,0,8,0,8,5,168
0,4,0,7,0,5,168
7,7,0,0,0,0,168
1,0,7,5,3,1,168
7,0,7,1,8,8,168
2,4,7,5,0,0,168
0,0,7,8,2,0,168
2,8,1,9,7,9,168
0,0,1,8,6,4,168
1,4,5,8,5,5,168
6,4,7,9,6,6,168
2,2,8,6,5,3,168
2,7,2,9,5,8,168
1,1,8,7,1,0,168
7,2,8,3,8,8,168
7,2,8,1,9,8,168
1,0,6,5,0,0,168
7,1,5,1,3,0,168
10,10,5,5,0,0,169
5,0,10,0,10,5,169
0,5,0,10,5,10,169
10,10,5,5,3,3,169
0,5,5,5,5,5,169
5,0,8,0,9,5,169
2,2,5,5,9,9,169
0,0,10,0,0,0,169
5,5,5,8,5,8,169
0,0,0,5,9,7,169
5,5,5,5,5,8,169
0,0,0,5,5,5,169
0,0,5,5,5,5,169
0,5,0,9,0,9,169
5,5,5,5,5,5,169
5,5,9,5,8,5,169
5,5,5,3,9,7,169
0,0,0,7,0,0,169
6,6,8,0,5,5,169
5,5,0,0,0,0,170
0,0,10,0,10,3,170
0,0,0,8,0,10,170
10,10,1,1,0,0,170
3,3,3,3,3,3,170
7,0,7,0,7,2,170
4,4,5,5,5,5,170
0,0,10,0,0,0,170
3,0,3,0,5,5,170
0,0,0,5,5,5,170
5,5,5,5,5,5,170
0,5,0,5,6,6,170
5,5,5,5,5,5,170
0,7,0,7,3,7,170
5,4,5,4,3,4,170
5,5,5,5,5,5,170
5,4,5,4,5,5,170
0,0,0,10,0,0,170
3,5,3,0,3,0,170
10,10,0,0,0,0,171
0,0,5,5,5,5,171
0,0,0,5,0,5,171
10,10,0,0,0,0,171
5,5,5,5,5,5,171
5,0,5,0,5,0,171
5,0,5,0,5,0,171
0,0,10,0,0,0,171
5,5,5,5,5,5,171
0,0,0,0,5,5,171
5,5,5,5,5,5,171
0,5,0,7,6,5,171
0,5,0,5,0,5,171
0,5,0,5,0,5,171
5,5,0,5,0,5,171
5,5,5,5,5,5,171
3,5,5,5,5,5,171
0,0,0,7,0,0,171
5,0,5,0,5,0,171
5,5,0,0,0,0,172
0,0,5,5,5,5,172
0,0,0,10,0,10,172
10,10,0,0,0,0,172
0,0,0,10,0,10,172
0,0,10,5,10,5,172
0,0,10,5,10,5,172
0,0,0,5,0,5,172
0,0,0,10,10,10,172
0,0,5,5,5,5,172
0,0,0,10,10,10,172
0,0,0,5,0,5,172
0,0,5,5,5,5,172
0,0,5,10,5,10,172
0,0,5,0,5,0,172
0,0,10,0,10,0,172
5,5,5,5,5,5,172
5,5,5,5,5,5,172
0,0,0,0,0,5,172
7,7,0,0,0,0,173
0,0,7,0,7,0,173
0,0,0,7,0,7,173
7,7,0,0,0,0,173
5,5,5,5,5,5,173
5,0,5,0,5,0,173
5,5,5,5,5,5,173
0,0,10,0,0,0,173
5,5,5,5,5,5,173
0,0,0,5,5,5,173
5,5,5,5,5,5,173
0,5,0,5,5,5,173
5,5,5,5,5,5,173
0,5,0,5,0,5,173
5,5,5,5,5,5,173
5,5,5,5,5,5,173
5,5,5,5,5,5,173
0,0,0,10,0,0,173
5,0,5,0,5,0,173
9,10,0,0,0,0,174
4,0,10,3,10,1,174
4,6,5,9,8,10,174
7,8,4,6,3,2,174
8,7,9,4,3,0,174
9,8,10,4,6,7,174
8,4,9,5,10,7,174
9,10,7,6,4,2,174
1,5,4,7,2,8,174
8,9,7,6,5,4,174
3,4,6,7,8,9,174
6,7,8,5,4,3,174
9,10,8,7,6,5,174
6,5,7,9,6,8,174
9,10,7,6,4,3,174
3,1,6,7,10,5,174
0,1,9,3,7,6,174
5,6,7,8,1,0,174
4,9,8,7,5,6,174
8,8,6,6,3,3,175
5,2,10,2,10,5,175
1,4,1,10,5,8,175
10,10,7,7,3,3,175
5,6,7,7,5,4,175
6,3,10,2,10,6,175
5,4,7,2,7,5,175
9,5,8,7,5,4,175
7,8,6,9,8,8,175
3,3,5,6,10,10,175
8,6,8,6,7,8,175
3,5,5,7,10,3,175
6,7,4,6,7,8,175
5,5,3,8,4,8,175
8,8,5,9,7,9,175
5,3,6,7,6,7,175
6,7,8,7,7,7,175
4,8,4,8,7,3,175
10,3,10,1,3,1,175
1,1,2,2,7,5,176
3,3,9,8,7,6,176
3,3,1,5,9,6,176
2,2,2,2,2,2,176
3,4,3,4,9,8,176
1,3,8,7,8,8,176
3,3,9,8,7,5,176
1,4,7,7,7,7,176
5,4,4,3,7,9,176
3,4,4,2,5,2,176
4,5,3,4,6,6,176
2,4,9,6,7,7,176
3,2,8,7,7,8,176
5,5,3,4,8,9,176
4,5,2,6,8,7,176
3,4,0,4,7,8,176
5,6,5,5,7,10,176
4,4,4,5,6,8,176
5,2,2,4,10,8,176
